{
"meta":{"test_sets":[],"test_metrics":[],"learn_metrics":[{"best_value":"Min","name":"RMSE"}],"launch_mode":"Train","parameters":"","iteration_count":1000,"learn_sets":["learn"],"name":"experiment"},
"iterations":[
{"learn":[14.59871775],"iteration":0,"passed_time":0.001847787057,"remaining_time":1.84593927},
{"learn":[14.22518863],"iteration":1,"passed_time":0.004411458496,"remaining_time":2.20131779},
{"learn":[13.8866124],"iteration":2,"passed_time":0.006451118806,"remaining_time":2.143921817},
{"learn":[13.52356875],"iteration":3,"passed_time":0.008589991526,"remaining_time":2.13890789},
{"learn":[13.18870211],"iteration":4,"passed_time":0.01052415711,"remaining_time":2.094307266},
{"learn":[12.9124226],"iteration":5,"passed_time":0.01223368236,"remaining_time":2.026713377},
{"learn":[12.60003351],"iteration":6,"passed_time":0.01382619788,"remaining_time":1.961344927},
{"learn":[12.32990573],"iteration":7,"passed_time":0.01543087067,"remaining_time":1.913427963},
{"learn":[12.0660619],"iteration":8,"passed_time":0.01929061661,"remaining_time":2.124111229},
{"learn":[11.77309809],"iteration":9,"passed_time":0.0212218883,"remaining_time":2.100966942},
{"learn":[11.49227636],"iteration":10,"passed_time":0.02301151902,"remaining_time":2.068944756},
{"learn":[11.26264833],"iteration":11,"passed_time":0.02492829349,"remaining_time":2.052429497},
{"learn":[11.04260393],"iteration":12,"passed_time":0.02663478983,"remaining_time":2.022195197},
{"learn":[10.79916926],"iteration":13,"passed_time":0.02822602736,"remaining_time":1.987918784},
{"learn":[10.5541002],"iteration":14,"passed_time":0.02975682723,"remaining_time":1.954031655},
{"learn":[10.31918115],"iteration":15,"passed_time":0.03184669513,"remaining_time":1.95857175},
{"learn":[10.10004441],"iteration":16,"passed_time":0.03436767029,"remaining_time":1.987259994},
{"learn":[9.894556723],"iteration":17,"passed_time":0.03653979074,"remaining_time":1.993448584},
{"learn":[9.690174082],"iteration":18,"passed_time":0.03818735848,"remaining_time":1.971673614},
{"learn":[9.506034866],"iteration":19,"passed_time":0.03998327768,"remaining_time":1.959180606},
{"learn":[9.338524633],"iteration":20,"passed_time":0.0416903754,"remaining_time":1.943565596},
{"learn":[9.170203312],"iteration":21,"passed_time":0.04323194694,"remaining_time":1.92185655},
{"learn":[9.010299969],"iteration":22,"passed_time":0.04591015005,"remaining_time":1.95018333},
{"learn":[8.843866678],"iteration":23,"passed_time":0.04800611124,"remaining_time":1.952248524},
{"learn":[8.690548059],"iteration":24,"passed_time":0.04973821285,"remaining_time":1.939790301},
{"learn":[8.555307687],"iteration":25,"passed_time":0.05165164287,"remaining_time":1.934950006},
{"learn":[8.413851302],"iteration":26,"passed_time":0.05352085753,"remaining_time":1.928733125},
{"learn":[8.29256019],"iteration":27,"passed_time":0.05512888904,"remaining_time":1.913760005},
{"learn":[8.162193833],"iteration":28,"passed_time":0.05660635753,"remaining_time":1.895337006},
{"learn":[8.040736294],"iteration":29,"passed_time":0.05807729142,"remaining_time":1.877832423},
{"learn":[7.921220278],"iteration":30,"passed_time":0.06116513832,"remaining_time":1.91190384},
{"learn":[7.809589039],"iteration":31,"passed_time":0.0634025507,"remaining_time":1.917927159},
{"learn":[7.699675801],"iteration":32,"passed_time":0.06543402232,"remaining_time":1.917415139},
{"learn":[7.60645267],"iteration":33,"passed_time":0.06715202711,"remaining_time":1.907907594},
{"learn":[7.498880302],"iteration":34,"passed_time":0.06884176419,"remaining_time":1.898065784},
{"learn":[7.401158744],"iteration":35,"passed_time":0.07051740984,"remaining_time":1.88829953},
{"learn":[7.306431077],"iteration":36,"passed_time":0.07203257375,"remaining_time":1.874793744},
{"learn":[7.223863468],"iteration":37,"passed_time":0.07399349337,"remaining_time":1.8732037},
{"learn":[7.143477682],"iteration":38,"passed_time":0.07596167896,"remaining_time":1.871773679},
{"learn":[7.062817131],"iteration":39,"passed_time":0.07815697677,"remaining_time":1.875767443},
{"learn":[6.990793435],"iteration":40,"passed_time":0.08012120612,"remaining_time":1.874054553},
{"learn":[6.931862224],"iteration":41,"passed_time":0.08287068297,"remaining_time":1.890240816},
{"learn":[6.858296558],"iteration":42,"passed_time":0.08444919309,"remaining_time":1.87948553},
{"learn":[6.786268161],"iteration":43,"passed_time":0.08626041728,"remaining_time":1.874203612},
{"learn":[6.717118549],"iteration":44,"passed_time":0.08832541747,"remaining_time":1.874461637},
{"learn":[6.652948106],"iteration":45,"passed_time":0.09040946364,"remaining_time":1.875013659},
{"learn":[6.589686076],"iteration":46,"passed_time":0.09227836738,"remaining_time":1.871091151},
{"learn":[6.531283097],"iteration":47,"passed_time":0.09415235145,"remaining_time":1.86735497},
{"learn":[6.471368031],"iteration":48,"passed_time":0.09585728782,"remaining_time":1.860413892},
{"learn":[6.416481395],"iteration":49,"passed_time":0.09858438388,"remaining_time":1.873103294},
{"learn":[6.369870822],"iteration":50,"passed_time":0.100725889,"remaining_time":1.874291542},
{"learn":[6.325678067],"iteration":51,"passed_time":0.1029258204,"remaining_time":1.876416879},
{"learn":[6.275766122],"iteration":52,"passed_time":0.1047660198,"remaining_time":1.871951334},
{"learn":[6.224773967],"iteration":53,"passed_time":0.1064580331,"remaining_time":1.864987025},
{"learn":[6.182249254],"iteration":54,"passed_time":0.1080539949,"remaining_time":1.856564095},
{"learn":[6.139904173],"iteration":55,"passed_time":0.1101856765,"remaining_time":1.85741569},
{"learn":[6.100525536],"iteration":56,"passed_time":0.1121036291,"remaining_time":1.854626705},
{"learn":[6.062568564],"iteration":57,"passed_time":0.1137120868,"remaining_time":1.846841134},
{"learn":[6.030559288],"iteration":58,"passed_time":0.1156315048,"remaining_time":1.844224509},
{"learn":[5.997931376],"iteration":59,"passed_time":0.1176253605,"remaining_time":1.842797315},
{"learn":[5.964103835],"iteration":60,"passed_time":0.1196637826,"remaining_time":1.842037571},
{"learn":[5.933729724],"iteration":61,"passed_time":0.1213975892,"remaining_time":1.836628043},
{"learn":[5.901932711],"iteration":62,"passed_time":0.1235496152,"remaining_time":1.837555388},
{"learn":[5.873727795],"iteration":63,"passed_time":0.1261044908,"remaining_time":1.844278177},
{"learn":[5.846485734],"iteration":64,"passed_time":0.1278527344,"remaining_time":1.839112411},
{"learn":[5.820630862],"iteration":65,"passed_time":0.1299545328,"remaining_time":1.83905354},
{"learn":[5.793646238],"iteration":66,"passed_time":0.1320417583,"remaining_time":1.838730754},
{"learn":[5.765388646],"iteration":67,"passed_time":0.1337264,"remaining_time":1.832838306},
{"learn":[5.747073912],"iteration":68,"passed_time":0.1360034493,"remaining_time":1.835061033},
{"learn":[5.722315217],"iteration":69,"passed_time":0.1385371318,"remaining_time":1.840564751},
{"learn":[5.699970599],"iteration":70,"passed_time":0.1407620016,"remaining_time":1.841801401},
{"learn":[5.682732647],"iteration":71,"passed_time":0.1426794137,"remaining_time":1.83897911},
{"learn":[5.663525791],"iteration":72,"passed_time":0.1442844865,"remaining_time":1.832215328},
{"learn":[5.642381613],"iteration":73,"passed_time":0.1462787742,"remaining_time":1.830461418},
{"learn":[5.621404779],"iteration":74,"passed_time":0.1481098012,"remaining_time":1.826687548},
{"learn":[5.602460129],"iteration":75,"passed_time":0.1498183632,"remaining_time":1.82147589},
{"learn":[5.587337574],"iteration":76,"passed_time":0.1517022614,"remaining_time":1.818456978},
{"learn":[5.572393026],"iteration":77,"passed_time":0.1542731634,"remaining_time":1.823587906},
{"learn":[5.558425806],"iteration":78,"passed_time":0.1559484981,"remaining_time":1.818083124},
{"learn":[5.541518902],"iteration":79,"passed_time":0.1575883586,"remaining_time":1.812266124},
{"learn":[5.526157283],"iteration":80,"passed_time":0.1598136854,"remaining_time":1.813194777},
{"learn":[5.511746977],"iteration":81,"passed_time":0.1616961533,"remaining_time":1.810208155},
{"learn":[5.504975022],"iteration":82,"passed_time":0.1626010737,"remaining_time":1.796448007},
{"learn":[5.493980522],"iteration":83,"passed_time":0.164165352,"remaining_time":1.790184077},
{"learn":[5.480745463],"iteration":84,"passed_time":0.1656666552,"remaining_time":1.783352817},
{"learn":[5.464052013],"iteration":85,"passed_time":0.1679530458,"remaining_time":1.784989347},
{"learn":[5.449143727],"iteration":86,"passed_time":0.169701014,"remaining_time":1.780885354},
{"learn":[5.438255432],"iteration":87,"passed_time":0.1714657269,"remaining_time":1.777008442},
{"learn":[5.425927931],"iteration":88,"passed_time":0.173277613,"remaining_time":1.773661859},
{"learn":[5.412331217],"iteration":89,"passed_time":0.1750319646,"remaining_time":1.769767642},
{"learn":[5.400691499],"iteration":90,"passed_time":0.1766843616,"remaining_time":1.764902029},
{"learn":[5.391618744],"iteration":91,"passed_time":0.1788133903,"remaining_time":1.764810418},
{"learn":[5.380766572],"iteration":92,"passed_time":0.1808586973,"remaining_time":1.763858478},
{"learn":[5.372207183],"iteration":93,"passed_time":0.1827253799,"remaining_time":1.76116164},
{"learn":[5.362918837],"iteration":94,"passed_time":0.1843733283,"remaining_time":1.756398549},
{"learn":[5.348292324],"iteration":95,"passed_time":0.1858808856,"remaining_time":1.75037834},
{"learn":[5.339772295],"iteration":96,"passed_time":0.1879887665,"remaining_time":1.750039754},
{"learn":[5.331515983],"iteration":97,"passed_time":0.1899149185,"remaining_time":1.747992413},
{"learn":[5.323861644],"iteration":98,"passed_time":0.1920652951,"remaining_time":1.74798819},
{"learn":[5.313277281],"iteration":99,"passed_time":0.1939223285,"remaining_time":1.745300957},
{"learn":[5.30685627],"iteration":100,"passed_time":0.1959603394,"remaining_time":1.744241041},
{"learn":[5.29652059],"iteration":101,"passed_time":0.197638703,"remaining_time":1.73999564},
{"learn":[5.288350766],"iteration":102,"passed_time":0.1991056452,"remaining_time":1.733958871},
{"learn":[5.27993346],"iteration":103,"passed_time":0.2007311932,"remaining_time":1.729376434},
{"learn":[5.271789139],"iteration":104,"passed_time":0.2027725697,"remaining_time":1.728394761},
{"learn":[5.262684686],"iteration":105,"passed_time":0.2046192226,"remaining_time":1.725750802},
{"learn":[5.251619772],"iteration":106,"passed_time":0.2063594481,"remaining_time":1.722233525},
{"learn":[5.241012171],"iteration":107,"passed_time":0.2083073996,"remaining_time":1.720464819},
{"learn":[5.232684032],"iteration":108,"passed_time":0.2099889469,"remaining_time":1.716515153},
{"learn":[5.224267141],"iteration":109,"passed_time":0.2115163471,"remaining_time":1.711359536},
{"learn":[5.216324968],"iteration":110,"passed_time":0.2128301086,"remaining_time":1.704558257},
{"learn":[5.211102527],"iteration":111,"passed_time":0.2145078203,"remaining_time":1.700740576},
{"learn":[5.206364257],"iteration":112,"passed_time":0.216887195,"remaining_time":1.702468513},
{"learn":[5.196937641],"iteration":113,"passed_time":0.2191996414,"remaining_time":1.703604231},
{"learn":[5.190746047],"iteration":114,"passed_time":0.2210129128,"remaining_time":1.700838503},
{"learn":[5.181885213],"iteration":115,"passed_time":0.2229689924,"remaining_time":1.699177494},
{"learn":[5.178293568],"iteration":116,"passed_time":0.2243813044,"remaining_time":1.693407622},
{"learn":[5.170991438],"iteration":117,"passed_time":0.2260505007,"remaining_time":1.689631709},
{"learn":[5.166257212],"iteration":118,"passed_time":0.2275689736,"remaining_time":1.684775342},
{"learn":[5.161421246],"iteration":119,"passed_time":0.229161626,"remaining_time":1.680518591},
{"learn":[5.158223542],"iteration":120,"passed_time":0.2313343934,"remaining_time":1.680520097},
{"learn":[5.15470988],"iteration":121,"passed_time":0.2334215842,"remaining_time":1.679870089},
{"learn":[5.146388143],"iteration":122,"passed_time":0.2353396571,"remaining_time":1.677990888},
{"learn":[5.139529364],"iteration":123,"passed_time":0.2370061454,"remaining_time":1.674333737},
{"learn":[5.134276023],"iteration":124,"passed_time":0.2387408547,"remaining_time":1.671185983},
{"learn":[5.128536065],"iteration":125,"passed_time":0.2402637714,"remaining_time":1.666591557},
{"learn":[5.123300353],"iteration":126,"passed_time":0.2415231727,"remaining_time":1.660234093},
{"learn":[5.116200518],"iteration":127,"passed_time":0.244028613,"remaining_time":1.662444926},
{"learn":[5.108728704],"iteration":128,"passed_time":0.2458964883,"remaining_time":1.66027784},
{"learn":[5.104075866],"iteration":129,"passed_time":0.2476567828,"remaining_time":1.657395392},
{"learn":[5.100317606],"iteration":130,"passed_time":0.2496953252,"remaining_time":1.656375859},
{"learn":[5.095814182],"iteration":131,"passed_time":0.2514211672,"remaining_time":1.653284645},
{"learn":[5.092146915],"iteration":132,"passed_time":0.252964796,"remaining_time":1.649026151},
{"learn":[5.085258329],"iteration":133,"passed_time":0.2543746904,"remaining_time":1.643943895},
{"learn":[5.079219421],"iteration":134,"passed_time":0.2566807782,"remaining_time":1.644658319},
{"learn":[5.076476829],"iteration":135,"passed_time":0.2589393585,"remaining_time":1.645026513},
{"learn":[5.072133867],"iteration":136,"passed_time":0.2607723062,"remaining_time":1.642675184},
{"learn":[5.067031564],"iteration":137,"passed_time":0.2624659505,"remaining_time":1.639461227},
{"learn":[5.061358312],"iteration":138,"passed_time":0.2643496084,"remaining_time":1.637446136},
{"learn":[5.056759124],"iteration":139,"passed_time":0.2658617338,"remaining_time":1.63315065},
{"learn":[5.050254],"iteration":140,"passed_time":0.2675537973,"remaining_time":1.629990864},
{"learn":[5.048376474],"iteration":141,"passed_time":0.2688889825,"remaining_time":1.624695402},
{"learn":[5.042603751],"iteration":142,"passed_time":0.2715747876,"remaining_time":1.627549601},
{"learn":[5.037477349],"iteration":143,"passed_time":0.2739942293,"remaining_time":1.628743474},
{"learn":[5.03230489],"iteration":144,"passed_time":0.27576345,"remaining_time":1.626053447},
{"learn":[5.025976187],"iteration":145,"passed_time":0.2775441144,"remaining_time":1.623442971},
{"learn":[5.01952451],"iteration":146,"passed_time":0.2795174154,"remaining_time":1.621961601},
{"learn":[5.017569424],"iteration":147,"passed_time":0.2809998331,"remaining_time":1.617647688},
{"learn":[5.008962367],"iteration":148,"passed_time":0.2825059303,"remaining_time":1.613507025},
{"learn":[5.003880266],"iteration":149,"passed_time":0.2846479369,"remaining_time":1.613004976},
{"learn":[4.996387564],"iteration":150,"passed_time":0.2881064634,"remaining_time":1.61988336},
{"learn":[4.993361683],"iteration":151,"passed_time":0.2899189714,"remaining_time":1.617442682},
{"learn":[4.99005752],"iteration":152,"passed_time":0.291767435,"remaining_time":1.615209265},
{"learn":[4.986908764],"iteration":153,"passed_time":0.2937204607,"remaining_time":1.613555258},
{"learn":[4.985207175],"iteration":154,"passed_time":0.2953247165,"remaining_time":1.609996035},
{"learn":[4.979003494],"iteration":155,"passed_time":0.2969913958,"remaining_time":1.606799603},
{"learn":[4.973142217],"iteration":156,"passed_time":0.2986674623,"remaining_time":1.603673062},
{"learn":[4.967056696],"iteration":157,"passed_time":0.3006192497,"remaining_time":1.602034229},
{"learn":[4.961460696],"iteration":158,"passed_time":0.3031541454,"remaining_time":1.6034757},
{"learn":[4.954240363],"iteration":159,"passed_time":0.3049823097,"remaining_time":1.601157126},
{"learn":[4.952320707],"iteration":160,"passed_time":0.3062523284,"remaining_time":1.595936047},
{"learn":[4.948337777],"iteration":161,"passed_time":0.3079541958,"remaining_time":1.59299763},
{"learn":[4.943228639],"iteration":162,"passed_time":0.3095439289,"remaining_time":1.58949858},
{"learn":[4.938545759],"iteration":163,"passed_time":0.3110163166,"remaining_time":1.585424639},
{"learn":[4.935330572],"iteration":164,"passed_time":0.313022063,"remaining_time":1.584081349},
{"learn":[4.932051543],"iteration":165,"passed_time":0.3152863089,"remaining_time":1.584028805},
{"learn":[4.928964153],"iteration":166,"passed_time":0.3171196435,"remaining_time":1.581800377},
{"learn":[4.922860227],"iteration":167,"passed_time":0.3191786105,"remaining_time":1.580694071},
{"learn":[4.917668772],"iteration":168,"passed_time":0.3209895339,"remaining_time":1.57835682},
{"learn":[4.910365386],"iteration":169,"passed_time":0.3265841195,"remaining_time":1.594498936},
{"learn":[4.906457206],"iteration":170,"passed_time":0.3284681376,"remaining_time":1.592398164},
{"learn":[4.901996508],"iteration":171,"passed_time":0.3303514738,"remaining_time":1.59029663},
{"learn":[4.896816173],"iteration":172,"passed_time":0.3321650449,"remaining_time":1.587864116},
{"learn":[4.891123132],"iteration":173,"passed_time":0.3340108704,"remaining_time":1.585591833},
{"learn":[4.887630202],"iteration":174,"passed_time":0.3359774312,"remaining_time":1.583893604},
{"learn":[4.885259712],"iteration":175,"passed_time":0.3376419033,"remaining_time":1.580778002},
{"learn":[4.880659728],"iteration":176,"passed_time":0.3392041062,"remaining_time":1.577203274},
{"learn":[4.877299723],"iteration":177,"passed_time":0.3412000233,"remaining_time":1.57565404},
{"learn":[4.874038772],"iteration":178,"passed_time":0.3441592325,"remaining_time":1.578518044},
{"learn":[4.86943698],"iteration":179,"passed_time":0.3460741314,"remaining_time":1.576559932},
{"learn":[4.861268711],"iteration":180,"passed_time":0.3478510444,"remaining_time":1.57397793},
{"learn":[4.858673056],"iteration":181,"passed_time":0.3496914243,"remaining_time":1.571690028},
{"learn":[4.854036207],"iteration":182,"passed_time":0.3511880437,"remaining_time":1.567872304},
{"learn":[4.85130244],"iteration":183,"passed_time":0.3530918099,"remaining_time":1.565885418},
{"learn":[4.847510084],"iteration":184,"passed_time":0.3546443537,"remaining_time":1.562352153},
{"learn":[4.845691673],"iteration":185,"passed_time":0.3566305626,"remaining_time":1.560738054},
{"learn":[4.842058646],"iteration":186,"passed_time":0.3584537273,"remaining_time":1.558411125},
{"learn":[4.838623675],"iteration":187,"passed_time":0.3603261769,"remaining_time":1.556302424},
{"learn":[4.834602161],"iteration":188,"passed_time":0.3622562851,"remaining_time":1.554443636},
{"learn":[4.830858976],"iteration":189,"passed_time":0.3641172151,"remaining_time":1.55228918},
{"learn":[4.827590511],"iteration":190,"passed_time":0.3658695018,"remaining_time":1.549677628},
{"learn":[4.822246226],"iteration":191,"passed_time":0.3672682076,"remaining_time":1.54558704},
{"learn":[4.816686395],"iteration":192,"passed_time":0.3687001172,"remaining_time":1.541663184},
{"learn":[4.814797121],"iteration":193,"passed_time":0.3705505763,"remaining_time":1.539503941},
{"learn":[4.811639392],"iteration":194,"passed_time":0.3725287771,"remaining_time":1.537875208},
{"learn":[4.804813432],"iteration":195,"passed_time":0.3743590072,"remaining_time":1.535635927},
{"learn":[4.80251613],"iteration":196,"passed_time":0.3762131776,"remaining_time":1.533498384},
{"learn":[4.800087884],"iteration":197,"passed_time":0.3779476909,"remaining_time":1.530879031},
{"learn":[4.794773135],"iteration":198,"passed_time":0.3796038994,"remaining_time":1.527953384},
{"learn":[4.791664833],"iteration":199,"passed_time":0.3810390335,"remaining_time":1.524156134},
{"learn":[4.785989873],"iteration":200,"passed_time":0.3825633188,"remaining_time":1.520736775},
{"learn":[4.782387142],"iteration":201,"passed_time":0.384388825,"remaining_time":1.51852615},
{"learn":[4.778623704],"iteration":202,"passed_time":0.3863441227,"remaining_time":1.516828895},
{"learn":[4.775772178],"iteration":203,"passed_time":0.3881295406,"remaining_time":1.514466247},
{"learn":[4.77023101],"iteration":204,"passed_time":0.3899293416,"remaining_time":1.512165008},
{"learn":[4.764496689],"iteration":205,"passed_time":0.391793206,"remaining_time":1.510115561},
{"learn":[4.763138716],"iteration":206,"passed_time":0.3941427468,"remaining_time":1.509928494},
{"learn":[4.758053283],"iteration":207,"passed_time":0.3956746001,"remaining_time":1.506607131},
{"learn":[4.755063788],"iteration":208,"passed_time":0.3970981247,"remaining_time":1.502892902},
{"learn":[4.752465267],"iteration":209,"passed_time":0.3988994698,"remaining_time":1.500621815},
{"learn":[4.748067377],"iteration":210,"passed_time":0.4008229845,"remaining_time":1.498812013},
{"learn":[4.744163298],"iteration":211,"passed_time":0.4027627365,"remaining_time":1.497061492},
{"learn":[4.736670896],"iteration":212,"passed_time":0.4046341665,"remaining_time":1.495056756},
{"learn":[4.73349255],"iteration":213,"passed_time":0.4063805802,"remaining_time":1.492594094},
{"learn":[4.731864595],"iteration":214,"passed_time":0.4081251774,"remaining_time":1.490131462},
{"learn":[4.728398311],"iteration":215,"passed_time":0.4096527188,"remaining_time":1.486887646},
{"learn":[4.723865975],"iteration":216,"passed_time":0.4111047961,"remaining_time":1.483387352},
{"learn":[4.723483365],"iteration":217,"passed_time":0.4128181237,"remaining_time":1.480842994},
{"learn":[4.72095416],"iteration":218,"passed_time":0.4148377362,"remaining_time":1.479398502},
{"learn":[4.716173382],"iteration":219,"passed_time":0.4166893538,"remaining_time":1.477353163},
{"learn":[4.710563974],"iteration":220,"passed_time":0.4183454774,"remaining_time":1.474620484},
{"learn":[4.707160263],"iteration":221,"passed_time":0.4200945134,"remaining_time":1.472223115},
{"learn":[4.70408351],"iteration":222,"passed_time":0.4219278827,"remaining_time":1.470125403},
{"learn":[4.702501831],"iteration":223,"passed_time":0.4236229455,"remaining_time":1.467550918},
{"learn":[4.700269738],"iteration":224,"passed_time":0.4250947215,"remaining_time":1.464215152},
{"learn":[4.695346302],"iteration":225,"passed_time":0.4265917177,"remaining_time":1.460982255},
{"learn":[4.689769299],"iteration":226,"passed_time":0.4291778652,"remaining_time":1.461473523},
{"learn":[4.687919514],"iteration":227,"passed_time":0.4312254789,"remaining_time":1.460114341},
{"learn":[4.682982074],"iteration":228,"passed_time":0.4329836626,"remaining_time":1.457774689},
{"learn":[4.679578702],"iteration":229,"passed_time":0.4345672677,"remaining_time":1.454855635},
{"learn":[4.675751423],"iteration":230,"passed_time":0.4362998553,"remaining_time":1.452444107},
{"learn":[4.672710726],"iteration":231,"passed_time":0.4379359848,"remaining_time":1.449719122},
{"learn":[4.6690533],"iteration":232,"passed_time":0.4392518024,"remaining_time":1.445949066},
{"learn":[4.667595702],"iteration":233,"passed_time":0.4409476231,"remaining_time":1.443443929},
{"learn":[4.664241291],"iteration":234,"passed_time":0.4428169022,"remaining_time":1.441510341},
{"learn":[4.662246999],"iteration":235,"passed_time":0.4446296813,"remaining_time":1.439394392},
{"learn":[4.658668443],"iteration":236,"passed_time":0.4464742489,"remaining_time":1.437383341},
{"learn":[4.658017572],"iteration":237,"passed_time":0.4482824643,"remaining_time":1.435257302},
{"learn":[4.657656705],"iteration":238,"passed_time":0.4502777742,"remaining_time":1.433729649},
{"learn":[4.653242871],"iteration":239,"passed_time":0.4519926953,"remaining_time":1.431310202},
{"learn":[4.6507302],"iteration":240,"passed_time":0.453543038,"remaining_time":1.428378282},
{"learn":[4.647671336],"iteration":241,"passed_time":0.455317228,"remaining_time":1.426158921},
{"learn":[4.645506007],"iteration":242,"passed_time":0.4575626385,"remaining_time":1.425411182},
{"learn":[4.641297906],"iteration":243,"passed_time":0.4594586218,"remaining_time":1.423568517},
{"learn":[4.63798107],"iteration":244,"passed_time":0.4611833012,"remaining_time":1.42119752},
{"learn":[4.635062318],"iteration":245,"passed_time":0.4628068541,"remaining_time":1.418521821},
{"learn":[4.631606017],"iteration":246,"passed_time":0.4645233344,"remaining_time":1.416137939},
{"learn":[4.630215494],"iteration":247,"passed_time":0.4660409008,"remaining_time":1.41315628},
{"learn":[4.62729814],"iteration":248,"passed_time":0.4674712701,"remaining_time":1.409923389},
{"learn":[4.624691756],"iteration":249,"passed_time":0.4691851176,"remaining_time":1.407555353},
{"learn":[4.621840053],"iteration":250,"passed_time":0.4713493098,"remaining_time":1.406536387},
{"learn":[4.619602091],"iteration":251,"passed_time":0.4733145266,"remaining_time":1.404917722},
{"learn":[4.613584029],"iteration":252,"passed_time":0.4752696338,"remaining_time":1.403266468},
{"learn":[4.6119388],"iteration":253,"passed_time":0.4768978199,"remaining_time":1.400652652},
{"learn":[4.60870702],"iteration":254,"passed_time":0.4788007132,"remaining_time":1.398849142},
{"learn":[4.604771557],"iteration":255,"passed_time":0.4802319909,"remaining_time":1.395674224},
{"learn":[4.604231277],"iteration":256,"passed_time":0.4816865721,"remaining_time":1.392580245},
{"learn":[4.600750354],"iteration":257,"passed_time":0.4831007337,"remaining_time":1.38938273},
{"learn":[4.596488253],"iteration":258,"passed_time":0.4974477129,"remaining_time":1.423199827},
{"learn":[4.59470784],"iteration":259,"passed_time":0.4990209675,"remaining_time":1.420290446},
{"learn":[4.588818005],"iteration":260,"passed_time":0.5003575966,"remaining_time":1.416721318},
{"learn":[4.585054174],"iteration":261,"passed_time":0.5021549446,"remaining_time":1.414466981},
{"learn":[4.581471435],"iteration":262,"passed_time":0.5042488452,"remaining_time":1.413047144},
{"learn":[4.577555199],"iteration":263,"passed_time":0.5060991388,"remaining_time":1.410943054},
{"learn":[4.57457145],"iteration":264,"passed_time":0.5077665055,"remaining_time":1.408333515},
{"learn":[4.573029224],"iteration":265,"passed_time":0.5095192324,"remaining_time":1.405966604},
{"learn":[4.571326203],"iteration":266,"passed_time":0.5110307355,"remaining_time":1.402942057},
{"learn":[4.571019224],"iteration":267,"passed_time":0.5123882614,"remaining_time":1.399508236},
{"learn":[4.565766631],"iteration":268,"passed_time":0.5141612073,"remaining_time":1.397218746},
{"learn":[4.563383471],"iteration":269,"passed_time":0.5160180657,"remaining_time":1.395159955},
{"learn":[4.558165805],"iteration":270,"passed_time":0.5178133233,"remaining_time":1.392936947},
{"learn":[4.55629209],"iteration":271,"passed_time":0.5196307658,"remaining_time":1.390776461},
{"learn":[4.549383848],"iteration":272,"passed_time":0.5214917015,"remaining_time":1.388734311},
{"learn":[4.546227503],"iteration":273,"passed_time":0.5232536809,"remaining_time":1.386431286},
{"learn":[4.540620977],"iteration":274,"passed_time":0.5250574278,"remaining_time":1.38424231},
{"learn":[4.532898237],"iteration":275,"passed_time":0.5266011954,"remaining_time":1.38137415},
{"learn":[4.529757367],"iteration":276,"passed_time":0.5280060951,"remaining_time":1.378153093},
{"learn":[4.52579294],"iteration":277,"passed_time":0.5299212252,"remaining_time":1.376270232},
{"learn":[4.521572155],"iteration":278,"passed_time":0.5320661156,"remaining_time":1.374980894},
{"learn":[4.518818099],"iteration":279,"passed_time":0.5339987567,"remaining_time":1.37313966},
{"learn":[4.514012334],"iteration":280,"passed_time":0.535658967,"remaining_time":1.370600702},
{"learn":[4.508331416],"iteration":281,"passed_time":0.5376584399,"remaining_time":1.368931773},
{"learn":[4.506038537],"iteration":282,"passed_time":0.5391710864,"remaining_time":1.366027099},
{"learn":[4.505805643],"iteration":283,"passed_time":0.5405262747,"remaining_time":1.362735256},
{"learn":[4.501550352],"iteration":284,"passed_time":0.541958575,"remaining_time":1.35965046},
{"learn":[4.494692643],"iteration":285,"passed_time":0.5436257712,"remaining_time":1.357163639},
{"learn":[4.489330245],"iteration":286,"passed_time":0.5456241656,"remaining_time":1.355505331},
{"learn":[4.484826955],"iteration":287,"passed_time":0.5475190056,"remaining_time":1.353588653},
{"learn":[4.478285428],"iteration":288,"passed_time":0.5494830544,"remaining_time":1.351842393},
{"learn":[4.475311671],"iteration":289,"passed_time":0.5511094754,"remaining_time":1.349268026},
{"learn":[4.471581298],"iteration":290,"passed_time":0.552612975,"remaining_time":1.346400685},
{"learn":[4.469164956],"iteration":291,"passed_time":0.5540982557,"remaining_time":1.34349851},
{"learn":[4.462068024],"iteration":292,"passed_time":0.5558055941,"remaining_time":1.341141826},
{"learn":[4.458540976],"iteration":293,"passed_time":0.5576606672,"remaining_time":1.339144323},
{"learn":[4.455757458],"iteration":294,"passed_time":0.5596997759,"remaining_time":1.3375876},
{"learn":[4.453027414],"iteration":295,"passed_time":0.5616505804,"remaining_time":1.335817597},
{"learn":[4.450659338],"iteration":296,"passed_time":0.563740213,"remaining_time":1.334374982},
{"learn":[4.444696901],"iteration":297,"passed_time":0.5655362625,"remaining_time":1.332236431},
{"learn":[4.442052813],"iteration":298,"passed_time":0.5671486322,"remaining_time":1.329669536},
{"learn":[4.440036756],"iteration":299,"passed_time":0.5687113158,"remaining_time":1.32699307},
{"learn":[4.435017051],"iteration":300,"passed_time":0.5702567988,"remaining_time":1.324284061},
{"learn":[4.429962125],"iteration":301,"passed_time":0.5719390134,"remaining_time":1.321898779},
{"learn":[4.427666256],"iteration":302,"passed_time":0.5739533851,"remaining_time":1.320282209},
{"learn":[4.425030004],"iteration":303,"passed_time":0.576095853,"remaining_time":1.318956295},
{"learn":[4.422588771],"iteration":304,"passed_time":0.5779574808,"remaining_time":1.316985079},
{"learn":[4.418936667],"iteration":305,"passed_time":0.5796460344,"remaining_time":1.314622052},
{"learn":[4.416887976],"iteration":306,"passed_time":0.5814758378,"remaining_time":1.312582266},
{"learn":[4.413773354],"iteration":307,"passed_time":0.5829521976,"remaining_time":1.309749743},
{"learn":[4.411129391],"iteration":308,"passed_time":0.5843695841,"remaining_time":1.306794119},
{"learn":[4.40850819],"iteration":309,"passed_time":0.5861457048,"remaining_time":1.304646891},
{"learn":[4.404880292],"iteration":310,"passed_time":0.5882050441,"remaining_time":1.303129503},
{"learn":[4.404593827],"iteration":311,"passed_time":0.5898914456,"remaining_time":1.300786265},
{"learn":[4.402139942],"iteration":312,"passed_time":0.5918145992,"remaining_time":1.298966868},
{"learn":[4.400284725],"iteration":313,"passed_time":0.593670801,"remaining_time":1.29700054},
{"learn":[4.395805521],"iteration":314,"passed_time":0.5955868032,"remaining_time":1.295164953},
{"learn":[4.392838833],"iteration":315,"passed_time":0.5971026132,"remaining_time":1.292462618},
{"learn":[4.389213061],"iteration":316,"passed_time":0.5990531727,"remaining_time":1.29070447},
{"learn":[4.3861981],"iteration":317,"passed_time":0.6014445022,"remaining_time":1.28989041},
{"learn":[4.385054234],"iteration":318,"passed_time":0.6037640105,"remaining_time":1.288913138},
{"learn":[4.379364607],"iteration":319,"passed_time":0.6056753293,"remaining_time":1.287060075},
{"learn":[4.378387619],"iteration":320,"passed_time":0.6075525629,"remaining_time":1.285134549},
{"learn":[4.375816727],"iteration":321,"passed_time":0.6092664456,"remaining_time":1.282865373},
{"learn":[4.374600202],"iteration":322,"passed_time":0.6113429249,"remaining_time":1.281359629},
{"learn":[4.37098897],"iteration":323,"passed_time":0.6133804945,"remaining_time":1.27976918},
{"learn":[4.367418484],"iteration":324,"passed_time":0.6150431319,"remaining_time":1.277397274},
{"learn":[4.363584638],"iteration":325,"passed_time":0.6167242135,"remaining_time":1.275067852},
{"learn":[4.360770706],"iteration":326,"passed_time":0.6187939576,"remaining_time":1.273542304},
{"learn":[4.358675808],"iteration":327,"passed_time":0.6207528806,"remaining_time":1.27178639},
{"learn":[4.354228195],"iteration":328,"passed_time":0.6226144829,"remaining_time":1.269830754},
{"learn":[4.353773425],"iteration":329,"passed_time":0.6244423456,"remaining_time":1.267807187},
{"learn":[4.351648009],"iteration":330,"passed_time":0.6259001613,"remaining_time":1.265036882},
{"learn":[4.348209927],"iteration":331,"passed_time":0.627591338,"remaining_time":1.262744017},
{"learn":[4.345852733],"iteration":332,"passed_time":0.629329251,"remaining_time":1.26054838},
{"learn":[4.34237339],"iteration":333,"passed_time":0.6315569953,"remaining_time":1.259332212},
{"learn":[4.340814362],"iteration":334,"passed_time":0.6336616065,"remaining_time":1.257865577},
{"learn":[4.339707068],"iteration":335,"passed_time":0.6353581436,"remaining_time":1.255588712},
{"learn":[4.335430786],"iteration":336,"passed_time":0.6368950769,"remaining_time":1.253001294},
{"learn":[4.33521887],"iteration":337,"passed_time":0.6385068394,"remaining_time":1.25056665},
{"learn":[4.328507238],"iteration":338,"passed_time":0.6400052193,"remaining_time":1.247915782},
{"learn":[4.326140732],"iteration":339,"passed_time":0.6419854337,"remaining_time":1.246207018},
{"learn":[4.323785636],"iteration":340,"passed_time":0.6437556987,"remaining_time":1.244090925},
{"learn":[4.320632534],"iteration":341,"passed_time":0.6458421407,"remaining_time":1.242585171},
{"learn":[4.31973724],"iteration":342,"passed_time":0.6483903078,"remaining_time":1.241960444},
{"learn":[4.318000924],"iteration":343,"passed_time":0.6502460169,"remaining_time":1.240004032},
{"learn":[4.312713628],"iteration":344,"passed_time":0.6519541585,"remaining_time":1.23776804},
{"learn":[4.308220789],"iteration":345,"passed_time":0.6540703345,"remaining_time":1.236306355},
{"learn":[4.305890947],"iteration":346,"passed_time":0.6557693033,"remaining_time":1.234055778},
{"learn":[4.305137856],"iteration":347,"passed_time":0.6572525334,"remaining_time":1.231404172},
{"learn":[4.304787172],"iteration":348,"passed_time":0.6594456154,"remaining_time":1.230083369},
{"learn":[4.30350134],"iteration":349,"passed_time":0.6614684262,"remaining_time":1.228441363},
{"learn":[4.30293809],"iteration":350,"passed_time":0.6643158518,"remaining_time":1.228321903},
{"learn":[4.299548459],"iteration":351,"passed_time":0.666773105,"remaining_time":1.227468671},
{"learn":[4.294768408],"iteration":352,"passed_time":0.668665021,"remaining_time":1.225570166},
{"learn":[4.294581479],"iteration":353,"passed_time":0.6703541764,"remaining_time":1.223301689},
{"learn":[4.292551604],"iteration":354,"passed_time":0.6721514442,"remaining_time":1.221232906},
{"learn":[4.288628894],"iteration":355,"passed_time":0.6744885338,"remaining_time":1.220142179},
{"learn":[4.287802767],"iteration":356,"passed_time":0.6766550169,"remaining_time":1.218737187},
{"learn":[4.284566905],"iteration":357,"passed_time":0.6788710364,"remaining_time":1.217416775},
{"learn":[4.27890232],"iteration":358,"passed_time":0.6804892478,"remaining_time":1.215023977},
{"learn":[4.276938023],"iteration":359,"passed_time":0.6822451093,"remaining_time":1.212880194},
{"learn":[4.273425094],"iteration":360,"passed_time":0.6840034079,"remaining_time":1.210742874},
{"learn":[4.269726505],"iteration":361,"passed_time":0.6857419484,"remaining_time":1.208572826},
{"learn":[4.265565857],"iteration":362,"passed_time":0.6877538078,"remaining_time":1.206884781},
{"learn":[4.262117173],"iteration":363,"passed_time":0.6905565412,"remaining_time":1.206576814},
{"learn":[4.259185148],"iteration":364,"passed_time":0.6925168733,"remaining_time":1.204789629},
{"learn":[4.257668507],"iteration":365,"passed_time":0.694278111,"remaining_time":1.202656618},
{"learn":[4.253432436],"iteration":366,"passed_time":0.6958883744,"remaining_time":1.200265234},
{"learn":[4.250216667],"iteration":367,"passed_time":0.6980800859,"remaining_time":1.198876669},
{"learn":[4.24514828],"iteration":368,"passed_time":0.6996723472,"remaining_time":1.196458675},
{"learn":[4.244015772],"iteration":369,"passed_time":0.7012387317,"remaining_time":1.194001084},
{"learn":[4.240329192],"iteration":370,"passed_time":0.7037731576,"remaining_time":1.193189531},
{"learn":[4.236718014],"iteration":371,"passed_time":0.7059835197,"remaining_time":1.191821641},
{"learn":[4.233495944],"iteration":372,"passed_time":0.7080143795,"remaining_time":1.190147496},
{"learn":[4.230357491],"iteration":373,"passed_time":0.7102910318,"remaining_time":1.18888285},
{"learn":[4.227381215],"iteration":374,"passed_time":0.7124993788,"remaining_time":1.187498965},
{"learn":[4.226169067],"iteration":375,"passed_time":0.7143087622,"remaining_time":1.185448584},
{"learn":[4.225963861],"iteration":376,"passed_time":0.7173410859,"remaining_time":1.185420415},
{"learn":[4.224346548],"iteration":377,"passed_time":0.7206136758,"remaining_time":1.18577171},
{"learn":[4.222595381],"iteration":378,"passed_time":0.7225552686,"remaining_time":1.183923013},
{"learn":[4.219700938],"iteration":379,"passed_time":0.724147479,"remaining_time":1.181503782},
{"learn":[4.216356207],"iteration":380,"passed_time":0.7258097453,"remaining_time":1.17920271},
{"learn":[4.214326494],"iteration":381,"passed_time":0.7274675586,"remaining_time":1.176897778},
{"learn":[4.212901398],"iteration":382,"passed_time":0.7289963726,"remaining_time":1.174388412},
{"learn":[4.211331091],"iteration":383,"passed_time":0.7305323778,"remaining_time":1.171895689},
{"learn":[4.208624791],"iteration":384,"passed_time":0.7325712959,"remaining_time":1.170211291},
{"learn":[4.204659106],"iteration":385,"passed_time":0.7344695656,"remaining_time":1.16830133},
{"learn":[4.202968852],"iteration":386,"passed_time":0.7362806694,"remaining_time":1.16625336},
{"learn":[4.197261935],"iteration":387,"passed_time":0.7380055803,"remaining_time":1.164070658},
{"learn":[4.196934403],"iteration":388,"passed_time":0.7395897169,"remaining_time":1.161669196},
{"learn":[4.192479929],"iteration":389,"passed_time":0.7410752337,"remaining_time":1.159117673},
{"learn":[4.190243116],"iteration":390,"passed_time":0.7434562127,"remaining_time":1.157966326},
{"learn":[4.185852431],"iteration":391,"passed_time":0.74543858,"remaining_time":1.156190451},
{"learn":[4.180967944],"iteration":392,"passed_time":0.7476709074,"remaining_time":1.154799595},
{"learn":[4.178283162],"iteration":393,"passed_time":0.7499897037,"remaining_time":1.153537463},
{"learn":[4.176341157],"iteration":394,"passed_time":0.7516451499,"remaining_time":1.151253964},
{"learn":[4.176041504],"iteration":395,"passed_time":0.7532367532,"remaining_time":1.14887626},
{"learn":[4.175564513],"iteration":396,"passed_time":0.7548528839,"remaining_time":1.146539771},
{"learn":[4.170830274],"iteration":397,"passed_time":0.7564584088,"remaining_time":1.14419086},
{"learn":[4.167804808],"iteration":398,"passed_time":0.7579461965,"remaining_time":1.141668331},
{"learn":[4.165860548],"iteration":399,"passed_time":0.7596726572,"remaining_time":1.139508986},
{"learn":[4.160950571],"iteration":400,"passed_time":0.7615469711,"remaining_time":1.137572658},
{"learn":[4.158544115],"iteration":401,"passed_time":0.7634424634,"remaining_time":1.135668142},
{"learn":[4.154448767],"iteration":402,"passed_time":0.7656389501,"remaining_time":1.134209561},
{"learn":[4.15197457],"iteration":403,"passed_time":0.7675570029,"remaining_time":1.132336569},
{"learn":[4.149562679],"iteration":404,"passed_time":0.7692099172,"remaining_time":1.130073829},
{"learn":[4.149327961],"iteration":405,"passed_time":0.7708301445,"remaining_time":1.127766271},
{"learn":[4.147444889],"iteration":406,"passed_time":0.7723811638,"remaining_time":1.125361253},
{"learn":[4.147254809],"iteration":407,"passed_time":0.7749026258,"remaining_time":1.124368516},
{"learn":[4.144589165],"iteration":408,"passed_time":0.7767372087,"remaining_time":1.122375771},
{"learn":[4.141691034],"iteration":409,"passed_time":0.778576154,"remaining_time":1.120390075},
{"learn":[4.138893468],"iteration":410,"passed_time":0.7806137494,"remaining_time":1.118689777},
{"learn":[4.136964597],"iteration":411,"passed_time":0.7832196754,"remaining_time":1.117798954},
{"learn":[4.133773523],"iteration":412,"passed_time":0.7848933796,"remaining_time":1.115574852},
{"learn":[4.131363444],"iteration":413,"passed_time":0.7864815481,"remaining_time":1.113232336},
{"learn":[4.130228592],"iteration":414,"passed_time":0.7884193,"remaining_time":1.111386242},
{"learn":[4.12884186],"iteration":415,"passed_time":0.7904789591,"remaining_time":1.109710846},
{"learn":[4.12413494],"iteration":416,"passed_time":0.7921098833,"remaining_time":1.107434201},
{"learn":[4.119422508],"iteration":417,"passed_time":0.793666499,"remaining_time":1.105057183},
{"learn":[4.117038244],"iteration":418,"passed_time":0.7952281797,"remaining_time":1.102691104},
{"learn":[4.116067631],"iteration":419,"passed_time":0.7967744045,"remaining_time":1.100307511},
{"learn":[4.110343455],"iteration":420,"passed_time":0.7982674735,"remaining_time":1.097854791},
{"learn":[4.105604544],"iteration":421,"passed_time":0.7999121284,"remaining_time":1.095614242},
{"learn":[4.103390131],"iteration":422,"passed_time":0.801706142,"remaining_time":1.093580246},
{"learn":[4.096724402],"iteration":423,"passed_time":0.8036715641,"remaining_time":1.091780238},
{"learn":[4.093431279],"iteration":424,"passed_time":0.8053164694,"remaining_time":1.089545812},
{"learn":[4.091412744],"iteration":425,"passed_time":0.8068380622,"remaining_time":1.087147999},
{"learn":[4.091192901],"iteration":426,"passed_time":0.8082704728,"remaining_time":1.084634616},
{"learn":[4.088994581],"iteration":427,"passed_time":0.8100148706,"remaining_time":1.082543238},
{"learn":[4.087845355],"iteration":428,"passed_time":0.8116727394,"remaining_time":1.080338308},
{"learn":[4.083650279],"iteration":429,"passed_time":0.8132756913,"remaining_time":1.078063126},
{"learn":[4.079840652],"iteration":430,"passed_time":0.8148838432,"remaining_time":1.075797928},
{"learn":[4.075707828],"iteration":431,"passed_time":0.8165067538,"remaining_time":1.073555176},
{"learn":[4.071345409],"iteration":432,"passed_time":0.8182976236,"remaining_time":1.071535225},
{"learn":[4.067460475],"iteration":433,"passed_time":0.820084912,"remaining_time":1.069511659},
{"learn":[4.064914749],"iteration":434,"passed_time":0.8219624967,"remaining_time":1.067606461},
{"learn":[4.063823175],"iteration":435,"passed_time":0.8237426295,"remaining_time":1.065575328},
{"learn":[4.058898471],"iteration":436,"passed_time":0.8253577819,"remaining_time":1.063332795},
{"learn":[4.054120355],"iteration":437,"passed_time":0.8269722875,"remaining_time":1.061092296},
{"learn":[4.052715901],"iteration":438,"passed_time":0.8284864087,"remaining_time":1.058726367},
{"learn":[4.052114167],"iteration":439,"passed_time":0.8300868888,"remaining_time":1.056474222},
{"learn":[4.051377267],"iteration":440,"passed_time":0.8322784309,"remaining_time":1.054974247},
{"learn":[4.049275336],"iteration":441,"passed_time":0.8341136055,"remaining_time":1.053021249},
{"learn":[4.047099198],"iteration":442,"passed_time":0.8358178352,"remaining_time":1.05090414},
{"learn":[4.044348685],"iteration":443,"passed_time":0.8373824788,"remaining_time":1.048614095},
{"learn":[4.042822379],"iteration":444,"passed_time":0.8389701458,"remaining_time":1.046356025},
{"learn":[4.041258611],"iteration":445,"passed_time":0.8405513084,"remaining_time":1.044092881},
{"learn":[4.040044254],"iteration":446,"passed_time":0.8420901214,"remaining_time":1.041780396},
{"learn":[4.036860137],"iteration":447,"passed_time":0.8435787373,"remaining_time":1.039409516},
{"learn":[4.036372284],"iteration":448,"passed_time":0.8450125926,"remaining_time":1.036975364},
{"learn":[4.03368231],"iteration":449,"passed_time":0.8468510121,"remaining_time":1.035040126},
{"learn":[4.032439519],"iteration":450,"passed_time":0.8487202815,"remaining_time":1.03314287},
{"learn":[4.032008634],"iteration":451,"passed_time":0.850246734,"remaining_time":1.030830111},
{"learn":[4.030034932],"iteration":452,"passed_time":0.8517512566,"remaining_time":1.028494343},
{"learn":[4.028173412],"iteration":453,"passed_time":0.8533255389,"remaining_time":1.026246133},
{"learn":[4.023806097],"iteration":454,"passed_time":0.8547888057,"remaining_time":1.02386791},
{"learn":[4.020239186],"iteration":455,"passed_time":0.8561941209,"remaining_time":1.021424565},
{"learn":[4.017384838],"iteration":456,"passed_time":0.8577658569,"remaining_time":1.019183502},
{"learn":[4.016468229],"iteration":457,"passed_time":0.8593512114,"remaining_time":1.016961477},
{"learn":[4.014530169],"iteration":458,"passed_time":0.861854596,"remaining_time":1.015824262},
{"learn":[4.012884822],"iteration":459,"passed_time":0.863707272,"remaining_time":1.013917232},
{"learn":[4.008924707],"iteration":460,"passed_time":0.865400975,"remaining_time":1.011824567},
{"learn":[4.008286778],"iteration":461,"passed_time":0.8669025894,"remaining_time":1.009509942},
{"learn":[4.006444202],"iteration":462,"passed_time":0.8683548079,"remaining_time":1.007141537},
{"learn":[4.003284363],"iteration":463,"passed_time":0.8699228978,"remaining_time":1.004910934},
{"learn":[3.999811484],"iteration":464,"passed_time":0.8715834491,"remaining_time":1.00278956},
{"learn":[3.997483319],"iteration":465,"passed_time":0.8731214401,"remaining_time":1.000529719},
{"learn":[3.99708333],"iteration":466,"passed_time":0.8745375224,"remaining_time":0.9981338317},
{"learn":[3.995860263],"iteration":467,"passed_time":0.8763944112,"remaining_time":0.9962432195},
{"learn":[3.994131111],"iteration":468,"passed_time":0.8780548722,"remaining_time":0.9941303564},
{"learn":[3.993125499],"iteration":469,"passed_time":0.8795497966,"remaining_time":0.9918327494},
{"learn":[3.992954084],"iteration":470,"passed_time":0.8810677988,"remaining_time":0.9895644705},
{"learn":[3.990635743],"iteration":471,"passed_time":0.8826256783,"remaining_time":0.9873439791},
{"learn":[3.986678254],"iteration":472,"passed_time":0.8840684394,"remaining_time":0.9849980287},
{"learn":[3.986393291],"iteration":473,"passed_time":0.8856773689,"remaining_time":0.982840287},
{"learn":[3.986152671],"iteration":474,"passed_time":0.8872813644,"remaining_time":0.9806794027},
{"learn":[3.985596662],"iteration":475,"passed_time":0.8886728647,"remaining_time":0.9782869351},
{"learn":[3.983853457],"iteration":476,"passed_time":0.8921479052,"remaining_time":0.978183133},
{"learn":[3.983263928],"iteration":477,"passed_time":0.8942737743,"remaining_time":0.9765918623},
{"learn":[3.980067202],"iteration":478,"passed_time":0.8959122654,"remaining_time":0.9744682469},
{"learn":[3.978115407],"iteration":479,"passed_time":0.8974335017,"remaining_time":0.9722196269},
{"learn":[3.972661644],"iteration":480,"passed_time":0.8988846571,"remaining_time":0.9698984138},
{"learn":[3.969938254],"iteration":481,"passed_time":0.9004596727,"remaining_time":0.9677139221},
{"learn":[3.968211434],"iteration":482,"passed_time":0.9020203149,"remaining_time":0.965516569},
{"learn":[3.966113368],"iteration":483,"passed_time":0.903630097,"remaining_time":0.9633742356},
{"learn":[3.962246044],"iteration":484,"passed_time":0.9057985212,"remaining_time":0.9618272957},
{"learn":[3.961319703],"iteration":485,"passed_time":0.907599611,"remaining_time":0.9598893005},
{"learn":[3.96078191],"iteration":486,"passed_time":0.9090480534,"remaining_time":0.957580393},
{"learn":[3.958913633],"iteration":487,"passed_time":0.9105716173,"remaining_time":0.955353828},
{"learn":[3.957428286],"iteration":488,"passed_time":0.9122491728,"remaining_time":0.9532910579},
{"learn":[3.952641965],"iteration":489,"passed_time":0.9136969645,"remaining_time":0.9509907181},
{"learn":[3.951486786],"iteration":490,"passed_time":0.9153461971,"remaining_time":0.9489026768},
{"learn":[3.94938344],"iteration":491,"passed_time":0.9169447662,"remaining_time":0.9467641082},
{"learn":[3.947297924],"iteration":492,"passed_time":0.9185882874,"remaining_time":0.9446739589},
{"learn":[3.946284886],"iteration":493,"passed_time":0.920667509,"remaining_time":0.9430319019},
{"learn":[3.943288204],"iteration":494,"passed_time":0.9225036557,"remaining_time":0.9411400932},
{"learn":[3.943076488],"iteration":495,"passed_time":0.9240895575,"remaining_time":0.9389942278},
{"learn":[3.942347078],"iteration":496,"passed_time":0.9256711868,"remaining_time":0.9368462917},
{"learn":[3.940251541],"iteration":497,"passed_time":0.9274360455,"remaining_time":0.934885331},
{"learn":[3.939011019],"iteration":498,"passed_time":0.9289338083,"remaining_time":0.9326569899},
{"learn":[3.938760512],"iteration":499,"passed_time":0.9304055036,"remaining_time":0.9304055036},
{"learn":[3.934522727],"iteration":500,"passed_time":0.9322147123,"remaining_time":0.9284932963},
{"learn":[3.930091193],"iteration":501,"passed_time":0.9344184102,"remaining_time":0.9269728451},
{"learn":[3.927671752],"iteration":502,"passed_time":0.9364742037,"remaining_time":0.9253035372},
{"learn":[3.927280041],"iteration":503,"passed_time":0.9382937211,"remaining_time":0.92340017},
{"learn":[3.925987561],"iteration":504,"passed_time":0.93973194,"remaining_time":0.9211233867},
{"learn":[3.921645957],"iteration":505,"passed_time":0.9415024942,"remaining_time":0.9191743718},
{"learn":[3.920333743],"iteration":506,"passed_time":0.9431257752,"remaining_time":0.9170828544},
{"learn":[3.918659461],"iteration":507,"passed_time":0.9446603863,"remaining_time":0.9149073032},
{"learn":[3.916124385],"iteration":508,"passed_time":0.9462020893,"remaining_time":0.9127411117},
{"learn":[3.913849268],"iteration":509,"passed_time":0.9477360284,"remaining_time":0.9105699097},
{"learn":[3.912826119],"iteration":510,"passed_time":0.9496768536,"remaining_time":0.9087905703},
{"learn":[3.910034145],"iteration":511,"passed_time":0.9515281255,"remaining_time":0.9069252446},
{"learn":[3.90792379],"iteration":512,"passed_time":0.9533841209,"remaining_time":0.9050644579},
{"learn":[3.907823851],"iteration":513,"passed_time":0.9548886235,"remaining_time":0.9028713444},
{"learn":[3.904527401],"iteration":514,"passed_time":0.9565040622,"remaining_time":0.9007853789},
{"learn":[3.903378283],"iteration":515,"passed_time":0.9579997442,"remaining_time":0.8985889073},
{"learn":[3.902170135],"iteration":516,"passed_time":0.9593954211,"remaining_time":0.8963017183},
{"learn":[3.899435429],"iteration":517,"passed_time":0.9614151281,"remaining_time":0.8945986327},
{"learn":[3.897497505],"iteration":518,"passed_time":0.9636291317,"remaining_time":0.8930743976},
{"learn":[3.896426119],"iteration":519,"passed_time":0.9656051762,"remaining_time":0.8913278549},
{"learn":[3.896044669],"iteration":520,"passed_time":0.9671132639,"remaining_time":0.8891501985},
{"learn":[3.892795942],"iteration":521,"passed_time":0.9687350412,"remaining_time":0.887079214},
{"learn":[3.892413888],"iteration":522,"passed_time":0.9704298632,"remaining_time":0.8850765674},
{"learn":[3.891738985],"iteration":523,"passed_time":0.9721331856,"remaining_time":0.8830828175},
{"learn":[3.88822057],"iteration":524,"passed_time":0.974031831,"remaining_time":0.8812668947},
{"learn":[3.883837053],"iteration":525,"passed_time":0.976113219,"remaining_time":0.8796153342},
{"learn":[3.881769742],"iteration":526,"passed_time":0.9786093665,"remaining_time":0.878334403},
{"learn":[3.880356898],"iteration":527,"passed_time":0.9803443219,"remaining_time":0.876368409},
{"learn":[3.879250273],"iteration":528,"passed_time":0.9820247563,"remaining_time":0.8743547452},
{"learn":[3.877174493],"iteration":529,"passed_time":0.9836864563,"remaining_time":0.8723257254},
{"learn":[3.875854201],"iteration":530,"passed_time":0.9851255813,"remaining_time":0.8701015021},
{"learn":[3.873189396],"iteration":531,"passed_time":0.9866926679,"remaining_time":0.867992798},
{"learn":[3.871583368],"iteration":532,"passed_time":0.9883938787,"remaining_time":0.8660036423},
{"learn":[3.869622679],"iteration":533,"passed_time":0.9899210633,"remaining_time":0.8638636994},
{"learn":[3.866860164],"iteration":534,"passed_time":0.9925236379,"remaining_time":0.862660732},
{"learn":[3.864498444],"iteration":535,"passed_time":0.9945180306,"remaining_time":0.8609260563},
{"learn":[3.861416322],"iteration":536,"passed_time":0.9962027583,"remaining_time":0.858923421},
{"learn":[3.860265769],"iteration":537,"passed_time":0.9978143703,"remaining_time":0.8568591805},
{"learn":[3.859328725],"iteration":538,"passed_time":0.9993423616,"remaining_time":0.8547250996},
{"learn":[3.858521278],"iteration":539,"passed_time":1.000954236,"remaining_time":0.8526647192},
{"learn":[3.85599111],"iteration":540,"passed_time":1.002948553,"remaining_time":0.8509304725},
{"learn":[3.852379816],"iteration":541,"passed_time":1.004590399,"remaining_time":0.8488974219},
{"learn":[3.851327537],"iteration":542,"passed_time":1.006508256,"remaining_time":0.8470981087},
{"learn":[3.847854898],"iteration":543,"passed_time":1.008375475,"remaining_time":0.8452559125},
{"learn":[3.847083414],"iteration":544,"passed_time":1.010162964,"remaining_time":0.843347062},
{"learn":[3.845397429],"iteration":545,"passed_time":1.01176553,"remaining_time":0.8412848911},
{"learn":[3.841933528],"iteration":546,"passed_time":1.013331061,"remaining_time":0.8391937309},
{"learn":[3.840996474],"iteration":547,"passed_time":1.014796515,"remaining_time":0.837021943},
{"learn":[3.838355966],"iteration":548,"passed_time":1.016668859,"remaining_time":0.835186986},
{"learn":[3.83342799],"iteration":549,"passed_time":1.018145509,"remaining_time":0.8330281441},
{"learn":[3.828161535],"iteration":550,"passed_time":1.019836374,"remaining_time":0.8310463378},
{"learn":[3.823502399],"iteration":551,"passed_time":1.021949993,"remaining_time":0.8294086899},
{"learn":[3.820068862],"iteration":552,"passed_time":1.024093384,"remaining_time":0.827793386},
{"learn":[3.817951642],"iteration":553,"passed_time":1.025743484,"remaining_time":0.8257790504},
{"learn":[3.815785958],"iteration":554,"passed_time":1.028027649,"remaining_time":0.8242744209},
{"learn":[3.81503012],"iteration":555,"passed_time":1.030122336,"remaining_time":0.8226156784},
{"learn":[3.813529315],"iteration":556,"passed_time":1.031984259,"remaining_time":0.8207702457},
{"learn":[3.808881326],"iteration":557,"passed_time":1.033719606,"remaining_time":0.8188244906},
{"learn":[3.808740434],"iteration":558,"passed_time":1.036610825,"remaining_time":0.8177913665},
{"learn":[3.80714352],"iteration":559,"passed_time":1.038692334,"remaining_time":0.8161154051},
{"learn":[3.80573346],"iteration":560,"passed_time":1.040643449,"remaining_time":0.8143359611},
{"learn":[3.803370052],"iteration":561,"passed_time":1.042324711,"remaining_time":0.8123455935},
{"learn":[3.803215211],"iteration":562,"passed_time":1.043768064,"remaining_time":0.8101716587},
{"learn":[3.801309667],"iteration":563,"passed_time":1.045272316,"remaining_time":0.8080473929},
{"learn":[3.800003847],"iteration":564,"passed_time":1.046819935,"remaining_time":0.805958711},
{"learn":[3.798026138],"iteration":565,"passed_time":1.048400476,"remaining_time":0.8038971845},
{"learn":[3.794745847],"iteration":566,"passed_time":1.050428928,"remaining_time":0.8021794109},
{"learn":[3.794312041],"iteration":567,"passed_time":1.052433742,"remaining_time":0.8004425641},
{"learn":[3.792205926],"iteration":568,"passed_time":1.053935933,"remaining_time":0.7983240545},
{"learn":[3.788991061],"iteration":569,"passed_time":1.055527506,"remaining_time":0.796275136},
{"learn":[3.787391572],"iteration":570,"passed_time":1.057085385,"remaining_time":0.7942025047},
{"learn":[3.7826445],"iteration":571,"passed_time":1.058811394,"remaining_time":0.792257477},
{"learn":[3.781700331],"iteration":572,"passed_time":1.060433296,"remaining_time":0.7902356327},
{"learn":[3.780045374],"iteration":573,"passed_time":1.061933667,"remaining_time":0.7881249864},
{"learn":[3.775462644],"iteration":574,"passed_time":1.063326592,"remaining_time":0.7859370461},
{"learn":[3.773711943],"iteration":575,"passed_time":1.065609011,"remaining_time":0.7844066331},
{"learn":[3.772415806],"iteration":576,"passed_time":1.067368944,"remaining_time":0.782490578},
{"learn":[3.770170875],"iteration":577,"passed_time":1.069002075,"remaining_time":0.7804824839},
{"learn":[3.765166479],"iteration":578,"passed_time":1.070695759,"remaining_time":0.7785197144},
{"learn":[3.763976102],"iteration":579,"passed_time":1.072588167,"remaining_time":0.7767017759},
{"learn":[3.760761708],"iteration":580,"passed_time":1.074036624,"remaining_time":0.7745634174},
{"learn":[3.758155662],"iteration":581,"passed_time":1.075394556,"remaining_time":0.7723624132},
{"learn":[3.756844548],"iteration":582,"passed_time":1.077323692,"remaining_time":0.770572864},
{"learn":[3.753098923],"iteration":583,"passed_time":1.079319168,"remaining_time":0.7688300924},
{"learn":[3.751618946],"iteration":584,"passed_time":1.081024782,"remaining_time":0.7668808282},
{"learn":[3.751398464],"iteration":585,"passed_time":1.082816804,"remaining_time":0.764993442},
{"learn":[3.749920103],"iteration":586,"passed_time":1.084665218,"remaining_time":0.7631460562},
{"learn":[3.748237465],"iteration":587,"passed_time":1.086163111,"remaining_time":0.7610530639},
{"learn":[3.746021536],"iteration":588,"passed_time":1.087895493,"remaining_time":0.7591257178},
{"learn":[3.74417648],"iteration":589,"passed_time":1.089505863,"remaining_time":0.7571142435},
{"learn":[3.738788389],"iteration":590,"passed_time":1.091174111,"remaining_time":0.7551441818},
{"learn":[3.736021611],"iteration":591,"passed_time":1.093067837,"remaining_time":0.7533305366},
{"learn":[3.734546151],"iteration":592,"passed_time":1.095402015,"remaining_time":0.7518189207},
{"learn":[3.733527479],"iteration":593,"passed_time":1.097293033,"remaining_time":0.7500016356},
{"learn":[3.733026392],"iteration":594,"passed_time":1.098834529,"remaining_time":0.7479461922},
{"learn":[3.730314752],"iteration":595,"passed_time":1.100472805,"remaining_time":0.7459580757},
{"learn":[3.727342596],"iteration":596,"passed_time":1.102070677,"remaining_time":0.7439438574},
{"learn":[3.725459604],"iteration":597,"passed_time":1.103690543,"remaining_time":0.7419458168},
{"learn":[3.723158842],"iteration":598,"passed_time":1.10543447,"remaining_time":0.7400320908},
{"learn":[3.722362756],"iteration":599,"passed_time":1.10701631,"remaining_time":0.7380108732},
{"learn":[3.721443615],"iteration":600,"passed_time":1.109395449,"remaining_time":0.7365204393},
{"learn":[3.720743486],"iteration":601,"passed_time":1.111067619,"remaining_time":0.7345596549},
{"learn":[3.720215334],"iteration":602,"passed_time":1.11273828,"remaining_time":0.7325988343},
{"learn":[3.719436563],"iteration":603,"passed_time":1.114392141,"remaining_time":0.73062796},
{"learn":[3.715046574],"iteration":604,"passed_time":1.116443802,"remaining_time":0.7289178544},
{"learn":[3.71443396],"iteration":605,"passed_time":1.118103476,"remaining_time":0.7269517652},
{"learn":[3.712938941],"iteration":606,"passed_time":1.119641758,"remaining_time":0.7249080906},
{"learn":[3.712814764],"iteration":607,"passed_time":1.121165001,"remaining_time":0.722856382},
{"learn":[3.71235348],"iteration":608,"passed_time":1.123047705,"remaining_time":0.7210371964},
{"learn":[3.711223749],"iteration":609,"passed_time":1.124981243,"remaining_time":0.7192503031},
{"learn":[3.710755648],"iteration":610,"passed_time":1.12650751,"remaining_time":0.7172036355},
{"learn":[3.708668039],"iteration":611,"passed_time":1.128073599,"remaining_time":0.7151839156},
{"learn":[3.705623591],"iteration":612,"passed_time":1.129822379,"remaining_time":0.7132810126},
{"learn":[3.704045802],"iteration":613,"passed_time":1.131464335,"remaining_time":0.7113114548},
{"learn":[3.699915209],"iteration":614,"passed_time":1.133053557,"remaining_time":0.7093099505},
{"learn":[3.696182221],"iteration":615,"passed_time":1.134563757,"remaining_time":0.7072605236},
{"learn":[3.694263278],"iteration":616,"passed_time":1.136145536,"remaining_time":0.7052572778},
{"learn":[3.693810229],"iteration":617,"passed_time":1.138031048,"remaining_time":0.7034431398},
{"learn":[3.690900932],"iteration":618,"passed_time":1.139988091,"remaining_time":0.7016727989},
{"learn":[3.688020895],"iteration":619,"passed_time":1.141621673,"remaining_time":0.699703606},
{"learn":[3.685491894],"iteration":620,"passed_time":1.143325781,"remaining_time":0.6977785363},
{"learn":[3.684328128],"iteration":621,"passed_time":1.144957839,"remaining_time":0.6958103907},
{"learn":[3.680640153],"iteration":622,"passed_time":1.146618601,"remaining_time":0.6938606941},
{"learn":[3.678932783],"iteration":623,"passed_time":1.148347484,"remaining_time":0.691952971},
{"learn":[3.674167041],"iteration":624,"passed_time":1.149962762,"remaining_time":0.6899776572},
{"learn":[3.672200976],"iteration":625,"passed_time":1.151969371,"remaining_time":0.6882372919},
{"learn":[3.670606604],"iteration":626,"passed_time":1.155008144,"remaining_time":0.6871101078},
{"learn":[3.665506042],"iteration":627,"passed_time":1.156707338,"remaining_time":0.6851833279},
{"learn":[3.664214007],"iteration":628,"passed_time":1.158710051,"remaining_time":0.683436294},
{"learn":[3.66261643],"iteration":629,"passed_time":1.160623399,"remaining_time":0.6816359644},
{"learn":[3.662118449],"iteration":630,"passed_time":1.162203585,"remaining_time":0.6796404481},
{"learn":[3.660871366],"iteration":631,"passed_time":1.163879701,"remaining_time":0.6777021043},
{"learn":[3.656695243],"iteration":632,"passed_time":1.16559003,"remaining_time":0.6757844248},
{"learn":[3.654497801],"iteration":633,"passed_time":1.167929246,"remaining_time":0.674230448},
{"learn":[3.654189134],"iteration":634,"passed_time":1.170724498,"remaining_time":0.6729361288},
{"learn":[3.653957699],"iteration":635,"passed_time":1.172917053,"remaining_time":0.67129215},
{"learn":[3.651920725],"iteration":636,"passed_time":1.174487429,"remaining_time":0.6692918946},
{"learn":[3.65106705],"iteration":637,"passed_time":1.176123748,"remaining_time":0.6673304027},
{"learn":[3.650612844],"iteration":638,"passed_time":1.177653335,"remaining_time":0.6653096304},
{"learn":[3.649884732],"iteration":639,"passed_time":1.179127358,"remaining_time":0.6632591387},
{"learn":[3.646276182],"iteration":640,"passed_time":1.182106947,"remaining_time":0.6620536568},
{"learn":[3.645808194],"iteration":641,"passed_time":1.184838487,"remaining_time":0.6607043276},
{"learn":[3.645042989],"iteration":642,"passed_time":1.18650323,"remaining_time":0.6587584031},
{"learn":[3.639864499],"iteration":643,"passed_time":1.188501905,"remaining_time":0.6569979473},
{"learn":[3.637318478],"iteration":644,"passed_time":1.190458979,"remaining_time":0.6552138565},
{"learn":[3.636344905],"iteration":645,"passed_time":1.192022184,"remaining_time":0.6532133949},
{"learn":[3.634754643],"iteration":646,"passed_time":1.193438798,"remaining_time":0.6511343054},
{"learn":[3.630724975],"iteration":647,"passed_time":1.196322143,"remaining_time":0.6498540034},
{"learn":[3.629408252],"iteration":648,"passed_time":1.198593419,"remaining_time":0.648237735},
{"learn":[3.62790646],"iteration":649,"passed_time":1.201287404,"remaining_time":0.6468470639},
{"learn":[3.627388973],"iteration":650,"passed_time":1.202916568,"remaining_time":0.6448815394},
{"learn":[3.625163557],"iteration":651,"passed_time":1.204441932,"remaining_time":0.6428616445},
{"learn":[3.623701985],"iteration":652,"passed_time":1.205970676,"remaining_time":0.6408450605},
{"learn":[3.622342639],"iteration":653,"passed_time":1.208470117,"remaining_time":0.6393435177},
{"learn":[3.621130639],"iteration":654,"passed_time":1.211336148,"remaining_time":0.6380320168},
{"learn":[3.619125665],"iteration":655,"passed_time":1.22638321,"remaining_time":0.6431033904},
{"learn":[3.618878783],"iteration":656,"passed_time":1.22865734,"remaining_time":0.6414451561},
{"learn":[3.616207429],"iteration":657,"passed_time":1.230440245,"remaining_time":0.6395297324},
{"learn":[3.61206486],"iteration":658,"passed_time":1.232667904,"remaining_time":0.6378448486},
{"learn":[3.611955873],"iteration":659,"passed_time":1.234283252,"remaining_time":0.6358428875},
{"learn":[3.610713743],"iteration":660,"passed_time":1.236059885,"remaining_time":0.6339248123},
{"learn":[3.610044025],"iteration":661,"passed_time":1.237757895,"remaining_time":0.6319670219},
{"learn":[3.607342669],"iteration":662,"passed_time":1.240622627,"remaining_time":0.6306030546},
{"learn":[3.602510618],"iteration":663,"passed_time":1.243923169,"remaining_time":0.6294550975},
{"learn":[3.600492392],"iteration":664,"passed_time":1.245912342,"remaining_time":0.6276400518},
{"learn":[3.597171065],"iteration":665,"passed_time":1.247976193,"remaining_time":0.6258619346},
{"learn":[3.594358798],"iteration":666,"passed_time":1.249573965,"remaining_time":0.6238502704},
{"learn":[3.593945251],"iteration":667,"passed_time":1.251291538,"remaining_time":0.6218993873},
{"learn":[3.593607748],"iteration":668,"passed_time":1.252838451,"remaining_time":0.6198647644},
{"learn":[3.592238714],"iteration":669,"passed_time":1.254533057,"remaining_time":0.6179043414},
{"learn":[3.590144654],"iteration":670,"passed_time":1.256964574,"remaining_time":0.6163060279},
{"learn":[3.587151536],"iteration":671,"passed_time":1.258858641,"remaining_time":0.6144429081},
{"learn":[3.586070865],"iteration":672,"passed_time":1.260771012,"remaining_time":0.6125885898},
{"learn":[3.585102746],"iteration":673,"passed_time":1.262548944,"remaining_time":0.6106690739},
{"learn":[3.584362847],"iteration":674,"passed_time":1.264086127,"remaining_time":0.6086340612},
{"learn":[3.581407561],"iteration":675,"passed_time":1.26569075,"remaining_time":0.6066328446},
{"learn":[3.57919422],"iteration":676,"passed_time":1.267223545,"remaining_time":0.6045985306},
{"learn":[3.577632204],"iteration":677,"passed_time":1.269234617,"remaining_time":0.6027928418},
{"learn":[3.573911195],"iteration":678,"passed_time":1.271359263,"remaining_time":0.6010402405},
{"learn":[3.573408216],"iteration":679,"passed_time":1.273123378,"remaining_time":0.5991168838},
{"learn":[3.571076482],"iteration":680,"passed_time":1.274746585,"remaining_time":0.5971279893},
{"learn":[3.568177107],"iteration":681,"passed_time":1.276352145,"remaining_time":0.5951319385},
{"learn":[3.564824621],"iteration":682,"passed_time":1.277998364,"remaining_time":0.5931559025},
{"learn":[3.562475026],"iteration":683,"passed_time":1.279503333,"remaining_time":0.5911155747},
{"learn":[3.561226889],"iteration":684,"passed_time":1.281022223,"remaining_time":0.589083212},
{"learn":[3.559383467],"iteration":685,"passed_time":1.282693059,"remaining_time":0.5871218958},
{"learn":[3.555209766],"iteration":686,"passed_time":1.284468388,"remaining_time":0.5852090325},
{"learn":[3.55345383],"iteration":687,"passed_time":1.286231907,"remaining_time":0.5832912136},
{"learn":[3.552300968],"iteration":688,"passed_time":1.287801806,"remaining_time":0.5812864467},
{"learn":[3.551253986],"iteration":689,"passed_time":1.289546624,"remaining_time":0.5793615268},
{"learn":[3.549807725],"iteration":690,"passed_time":1.291363185,"remaining_time":0.5774692099},
{"learn":[3.547992926],"iteration":691,"passed_time":1.293199553,"remaining_time":0.575585928},
{"learn":[3.545438607],"iteration":692,"passed_time":1.294872841,"remaining_time":0.5736305372},
{"learn":[3.543313763],"iteration":693,"passed_time":1.296582738,"remaining_time":0.5716921005},
{"learn":[3.542962896],"iteration":694,"passed_time":1.298527705,"remaining_time":0.5698574821},
{"learn":[3.539800465],"iteration":695,"passed_time":1.301461946,"remaining_time":0.568454643},
{"learn":[3.53953187],"iteration":696,"passed_time":1.303787371,"remaining_time":0.5667827454},
{"learn":[3.536332425],"iteration":697,"passed_time":1.305629647,"remaining_time":0.5648999334},
{"learn":[3.534993327],"iteration":698,"passed_time":1.307390001,"remaining_time":0.5629819603},
{"learn":[3.531637011],"iteration":699,"passed_time":1.309367585,"remaining_time":0.5611575365},
{"learn":[3.531040284],"iteration":700,"passed_time":1.311478029,"remaining_time":0.5593893446},
{"learn":[3.529973872],"iteration":701,"passed_time":1.314715226,"remaining_time":0.5580984861},
{"learn":[3.527325183],"iteration":702,"passed_time":1.316792723,"remaining_time":0.556312146},
{"learn":[3.527200815],"iteration":703,"passed_time":1.326735329,"remaining_time":0.5578318999},
{"learn":[3.523459911],"iteration":704,"passed_time":1.329871208,"remaining_time":0.5564709308},
{"learn":[3.522729934],"iteration":705,"passed_time":1.331788794,"remaining_time":0.5545975999},
{"learn":[3.522260582],"iteration":706,"passed_time":1.333467143,"remaining_time":0.5526249969},
{"learn":[3.518641591],"iteration":707,"passed_time":1.335291736,"remaining_time":0.5507135409},
{"learn":[3.516856405],"iteration":708,"passed_time":1.337025618,"remaining_time":0.5487650986},
{"learn":[3.515083413],"iteration":709,"passed_time":1.340246703,"remaining_time":0.5474247095},
{"learn":[3.514671214],"iteration":710,"passed_time":1.342311894,"remaining_time":0.5456091945},
{"learn":[3.512617621],"iteration":711,"passed_time":1.344673225,"remaining_time":0.5439127652},
{"learn":[3.510747971],"iteration":712,"passed_time":1.346749513,"remaining_time":0.5420997339},
{"learn":[3.508149266],"iteration":713,"passed_time":1.348413605,"remaining_time":0.5401208557},
{"learn":[3.504557165],"iteration":714,"passed_time":1.350734451,"remaining_time":0.5384046414},
{"learn":[3.501367208],"iteration":715,"passed_time":1.352748913,"remaining_time":0.5365652112},
{"learn":[3.497593362],"iteration":716,"passed_time":1.355095561,"remaining_time":0.534856407},
{"learn":[3.496291169],"iteration":717,"passed_time":1.35695928,"remaining_time":0.5329561517},
{"learn":[3.49330374],"iteration":718,"passed_time":1.359166404,"remaining_time":0.5311902078},
{"learn":[3.490044385],"iteration":719,"passed_time":1.361136846,"remaining_time":0.5293309956},
{"learn":[3.488891789],"iteration":720,"passed_time":1.363407686,"remaining_time":0.5275877175},
{"learn":[3.486869081],"iteration":721,"passed_time":1.365757453,"remaining_time":0.5258733683},
{"learn":[3.486303638],"iteration":722,"passed_time":1.368279657,"remaining_time":0.5242233264},
{"learn":[3.486035862],"iteration":723,"passed_time":1.370357304,"remaining_time":0.5224014033},
{"learn":[3.482668951],"iteration":724,"passed_time":1.37418983,"remaining_time":0.5212444183},
{"learn":[3.47820549],"iteration":725,"passed_time":1.376842472,"remaining_time":0.5196347622},
{"learn":[3.474392283],"iteration":726,"passed_time":1.380367334,"remaining_time":0.5183497691},
{"learn":[3.472268163],"iteration":727,"passed_time":1.382468725,"remaining_time":0.5165267765},
{"learn":[3.471209164],"iteration":728,"passed_time":1.384297702,"remaining_time":0.514601752},
{"learn":[3.470049971],"iteration":729,"passed_time":1.386207455,"remaining_time":0.512706867},
{"learn":[3.469078654],"iteration":730,"passed_time":1.388267888,"remaining_time":0.5108673896},
{"learn":[3.468643292],"iteration":731,"passed_time":1.391286431,"remaining_time":0.5093780924},
{"learn":[3.468134848],"iteration":732,"passed_time":1.393212132,"remaining_time":0.5074865474},
{"learn":[3.467820182],"iteration":733,"passed_time":1.39547173,"remaining_time":0.5057159129},
{"learn":[3.465776156],"iteration":734,"passed_time":1.39721548,"remaining_time":0.5037579621},
{"learn":[3.463037608],"iteration":735,"passed_time":1.399364608,"remaining_time":0.5019460006},
{"learn":[3.45965637],"iteration":736,"passed_time":1.4024576,"remaining_time":0.500469944},
{"learn":[3.457275091],"iteration":737,"passed_time":1.405339898,"remaining_time":0.4989147064},
{"learn":[3.455522955],"iteration":738,"passed_time":1.411053784,"remaining_time":0.4983559374},
{"learn":[3.451270508],"iteration":739,"passed_time":1.413294786,"remaining_time":0.496563033},
{"learn":[3.450978947],"iteration":740,"passed_time":1.415706465,"remaining_time":0.4948285756},
{"learn":[3.450608492],"iteration":741,"passed_time":1.419036119,"remaining_time":0.4934114806},
{"learn":[3.448122004],"iteration":742,"passed_time":1.42187391,"remaining_time":0.4918191048},
{"learn":[3.445646714],"iteration":743,"passed_time":1.424528825,"remaining_time":0.4901604558},
{"learn":[3.44411263],"iteration":744,"passed_time":1.426593253,"remaining_time":0.4882970195},
{"learn":[3.443264164],"iteration":745,"passed_time":1.42846658,"remaining_time":0.4863679776},
{"learn":[3.439521363],"iteration":746,"passed_time":1.432076501,"remaining_time":0.4850272487},
{"learn":[3.436809225],"iteration":747,"passed_time":1.43694415,"remaining_time":0.4841041789},
{"learn":[3.435509465],"iteration":748,"passed_time":1.439598444,"remaining_time":0.482428851},
{"learn":[3.434450277],"iteration":749,"passed_time":1.441216079,"remaining_time":0.4804053596},
{"learn":[3.431786753],"iteration":750,"passed_time":1.44308739,"remaining_time":0.4784670573},
{"learn":[3.430150302],"iteration":751,"passed_time":1.446813392,"remaining_time":0.4771405869},
{"learn":[3.42696281],"iteration":752,"passed_time":1.44926202,"remaining_time":0.475388737},
{"learn":[3.426870334],"iteration":753,"passed_time":1.451507406,"remaining_time":0.4735687293},
{"learn":[3.425200309],"iteration":754,"passed_time":1.453815135,"remaining_time":0.4717678251},
{"learn":[3.423383783],"iteration":755,"passed_time":1.455564151,"remaining_time":0.4697852552},
{"learn":[3.422752979],"iteration":756,"passed_time":1.457350176,"remaining_time":0.4678151819},
{"learn":[3.420845924],"iteration":757,"passed_time":1.459223844,"remaining_time":0.4658735754},
{"learn":[3.418917862],"iteration":758,"passed_time":1.462337271,"remaining_time":0.4643258002},
{"learn":[3.417095735],"iteration":759,"passed_time":1.464722928,"remaining_time":0.4625440826},
{"learn":[3.414391848],"iteration":760,"passed_time":1.467576457,"remaining_time":0.4609077177},
{"learn":[3.41426711],"iteration":761,"passed_time":1.46938056,"remaining_time":0.4589403847},
{"learn":[3.411976013],"iteration":762,"passed_time":1.471587513,"remaining_time":0.4570986114},
{"learn":[3.408614844],"iteration":763,"passed_time":1.473158736,"remaining_time":0.4550595047},
{"learn":[3.407906721],"iteration":764,"passed_time":1.475951496,"remaining_time":0.4533968647},
{"learn":[3.407494015],"iteration":765,"passed_time":1.478564256,"remaining_time":0.4516762872},
{"learn":[3.406287128],"iteration":766,"passed_time":1.480727932,"remaining_time":0.4498169598},
{"learn":[3.404600442],"iteration":767,"passed_time":1.482949266,"remaining_time":0.4479742574},
{"learn":[3.404012662],"iteration":768,"passed_time":1.484572548,"remaining_time":0.4459509213},
{"learn":[3.400398762],"iteration":769,"passed_time":1.486247356,"remaining_time":0.4439440155},
{"learn":[3.399737714],"iteration":770,"passed_time":1.48805855,"remaining_time":0.4419784799},
{"learn":[3.399185251],"iteration":771,"passed_time":1.491296272,"remaining_time":0.4404346504},
{"learn":[3.397245411],"iteration":772,"passed_time":1.493720073,"remaining_time":0.4386474211},
{"learn":[3.396229831],"iteration":773,"passed_time":1.495483481,"remaining_time":0.4366657192},
{"learn":[3.394002836],"iteration":774,"passed_time":1.497198518,"remaining_time":0.4346705374},
{"learn":[3.389617243],"iteration":775,"passed_time":1.498908619,"remaining_time":0.432674653},
{"learn":[3.385426488],"iteration":776,"passed_time":1.500600914,"remaining_time":0.4306743936},
{"learn":[3.385072258],"iteration":777,"passed_time":1.502354559,"remaining_time":0.428692432},
{"learn":[3.383842366],"iteration":778,"passed_time":1.518907106,"remaining_time":0.4309094613},
{"learn":[3.380110746],"iteration":779,"passed_time":1.52091724,"remaining_time":0.4289766575},
{"learn":[3.378595218],"iteration":780,"passed_time":1.523297662,"remaining_time":0.4271474879},
{"learn":[3.377371219],"iteration":781,"passed_time":1.52493134,"remaining_time":0.4251087367},
{"learn":[3.375814782],"iteration":782,"passed_time":1.526765295,"remaining_time":0.423126525},
{"learn":[3.374195887],"iteration":783,"passed_time":1.528421921,"remaining_time":0.4210958353},
{"learn":[3.373704309],"iteration":784,"passed_time":1.530057158,"remaining_time":0.4190602406},
{"learn":[3.372971757],"iteration":785,"passed_time":1.531646113,"remaining_time":0.4170130638},
{"learn":[3.371565136],"iteration":786,"passed_time":1.533127578,"remaining_time":0.4149379594},
{"learn":[3.3700309],"iteration":787,"passed_time":1.534959408,"remaining_time":0.4129586225},
{"learn":[3.368186663],"iteration":788,"passed_time":1.536723217,"remaining_time":0.4109614688},
{"learn":[3.366710398],"iteration":789,"passed_time":1.538426193,"remaining_time":0.408948735},
{"learn":[3.364598042],"iteration":790,"passed_time":1.540298121,"remaining_time":0.4069814253},
{"learn":[3.36348442],"iteration":791,"passed_time":1.546739159,"remaining_time":0.4062143247},
{"learn":[3.362001759],"iteration":792,"passed_time":1.548629175,"remaining_time":0.4042449423},
{"learn":[3.361580401],"iteration":793,"passed_time":1.551573209,"remaining_time":0.4025492206},
{"learn":[3.359543675],"iteration":794,"passed_time":1.553284901,"remaining_time":0.4005325845},
{"learn":[3.35766119],"iteration":795,"passed_time":1.554822019,"remaining_time":0.3984719748},
{"learn":[3.354592969],"iteration":796,"passed_time":1.556362312,"remaining_time":0.3964134872},
{"learn":[3.350985986],"iteration":797,"passed_time":1.557836441,"remaining_time":0.3943395501},
{"learn":[3.349589624],"iteration":798,"passed_time":1.559276448,"remaining_time":0.3922585308},
{"learn":[3.349110856],"iteration":799,"passed_time":1.560768323,"remaining_time":0.3901920808},
{"learn":[3.345315441],"iteration":800,"passed_time":1.562179883,"remaining_time":0.388107112},
{"learn":[3.34397474],"iteration":801,"passed_time":1.563730426,"remaining_time":0.3860581352},
{"learn":[3.343800902],"iteration":802,"passed_time":1.565418493,"remaining_time":0.3840441384},
{"learn":[3.342329465],"iteration":803,"passed_time":1.566902304,"remaining_time":0.3819811588},
{"learn":[3.34220347],"iteration":804,"passed_time":1.568458896,"remaining_time":0.3799372481},
{"learn":[3.341279219],"iteration":805,"passed_time":1.569789959,"remaining_time":0.377840263},
{"learn":[3.337329521],"iteration":806,"passed_time":1.571775064,"remaining_time":0.3759015953},
{"learn":[3.336708453],"iteration":807,"passed_time":1.577231714,"remaining_time":0.374787734},
{"learn":[3.333252703],"iteration":808,"passed_time":1.580784839,"remaining_time":0.3732137258},
{"learn":[3.332186769],"iteration":809,"passed_time":1.582796779,"remaining_time":0.3712733184},
{"learn":[3.330594851],"iteration":810,"passed_time":1.58464591,"remaining_time":0.3692947927},
{"learn":[3.327867442],"iteration":811,"passed_time":1.586301661,"remaining_time":0.3672718132},
{"learn":[3.327563111],"iteration":812,"passed_time":1.587975787,"remaining_time":0.3652539634},
{"learn":[3.326308994],"iteration":813,"passed_time":1.589382322,"remaining_time":0.3631758131},
{"learn":[3.326249879],"iteration":814,"passed_time":1.591127748,"remaining_time":0.3611762373},
{"learn":[3.322336238],"iteration":815,"passed_time":1.592630756,"remaining_time":0.3591226215},
{"learn":[3.320491154],"iteration":816,"passed_time":1.596041577,"remaining_time":0.3574976849},
{"learn":[3.320434271],"iteration":817,"passed_time":1.59847308,"remaining_time":0.3556504898},
{"learn":[3.319609638],"iteration":818,"passed_time":1.600365714,"remaining_time":0.3536827768},
{"learn":[3.316182682],"iteration":819,"passed_time":1.602077329,"remaining_time":0.3516755113},
{"learn":[3.313126612],"iteration":820,"passed_time":1.603751049,"remaining_time":0.3496607038},
{"learn":[3.311222803],"iteration":821,"passed_time":1.605642665,"remaining_time":0.3476939103},
{"learn":[3.309627335],"iteration":822,"passed_time":1.607330465,"remaining_time":0.3456834657},
{"learn":[3.307974895],"iteration":823,"passed_time":1.609776475,"remaining_time":0.343835752},
{"learn":[3.307321505],"iteration":824,"passed_time":1.614105922,"remaining_time":0.3423861047},
{"learn":[3.306759087],"iteration":825,"passed_time":1.616368528,"remaining_time":0.3404940968},
{"learn":[3.30484037],"iteration":826,"passed_time":1.618551751,"remaining_time":0.3385845863},
{"learn":[3.30201994],"iteration":827,"passed_time":1.620510128,"remaining_time":0.3366277077},
{"learn":[3.299302297],"iteration":828,"passed_time":1.622439178,"remaining_time":0.3346647762},
{"learn":[3.298132671],"iteration":829,"passed_time":1.625847397,"remaining_time":0.3330048885},
{"learn":[3.296976183],"iteration":830,"passed_time":1.628231034,"remaining_time":0.3311324244},
{"learn":[3.293144745],"iteration":831,"passed_time":1.630144589,"remaining_time":0.3291638112},
{"learn":[3.290284404],"iteration":832,"passed_time":1.631862785,"remaining_time":0.3271561645},
{"learn":[3.288285745],"iteration":833,"passed_time":1.634177744,"remaining_time":0.3252679923},
{"learn":[3.286662667],"iteration":834,"passed_time":1.636055644,"remaining_time":0.3232924327},
{"learn":[3.285692682],"iteration":835,"passed_time":1.638263329,"remaining_time":0.3213818015},
{"learn":[3.284565611],"iteration":836,"passed_time":1.640689476,"remaining_time":0.3195130043},
{"learn":[3.283897383],"iteration":837,"passed_time":1.642452012,"remaining_time":0.3175145895},
{"learn":[3.280712855],"iteration":838,"passed_time":1.644054126,"remaining_time":0.3154859527},
{"learn":[3.280468341],"iteration":839,"passed_time":1.645646297,"remaining_time":0.3134564375},
{"learn":[3.277814895],"iteration":840,"passed_time":1.647302986,"remaining_time":0.3114401603},
{"learn":[3.276316385],"iteration":841,"passed_time":1.648881677,"remaining_time":0.3094101009},
{"learn":[3.27557063],"iteration":842,"passed_time":1.650615068,"remaining_time":0.3074099237},
{"learn":[3.27499628],"iteration":843,"passed_time":1.652177621,"remaining_time":0.305378802},
{"learn":[3.273569958],"iteration":844,"passed_time":1.655427991,"remaining_time":0.3036583889},
{"learn":[3.269665595],"iteration":845,"passed_time":1.657195652,"remaining_time":0.3016644568},
{"learn":[3.267984685],"iteration":846,"passed_time":1.658834319,"remaining_time":0.2996477577},
{"learn":[3.267702508],"iteration":847,"passed_time":1.660437793,"remaining_time":0.2976256421},
{"learn":[3.266671924],"iteration":848,"passed_time":1.662032029,"remaining_time":0.2956028697},
{"learn":[3.265359825],"iteration":849,"passed_time":1.66363803,"remaining_time":0.2935831817},
{"learn":[3.2618983],"iteration":850,"passed_time":1.664919086,"remaining_time":0.291507572},
{"learn":[3.260456253],"iteration":851,"passed_time":1.666892928,"remaining_time":0.2895541705},
{"learn":[3.258389147],"iteration":852,"passed_time":1.670411641,"remaining_time":0.2878669534},
{"learn":[3.258108469],"iteration":853,"passed_time":1.671786994,"remaining_time":0.2858090177},
{"learn":[3.256424936],"iteration":854,"passed_time":1.673402478,"remaining_time":0.2837934028},
{"learn":[3.254817983],"iteration":855,"passed_time":1.675426653,"remaining_time":0.2818474744},
{"learn":[3.253898449],"iteration":856,"passed_time":1.677005264,"remaining_time":0.279827016},
{"learn":[3.253023652],"iteration":857,"passed_time":1.678469267,"remaining_time":0.27778862},
{"learn":[3.252845542],"iteration":858,"passed_time":1.679914686,"remaining_time":0.2757485107},
{"learn":[3.252316026],"iteration":859,"passed_time":1.681431083,"remaining_time":0.2737213392},
{"learn":[3.24975301],"iteration":860,"passed_time":1.683827644,"remaining_time":0.2718374477},
{"learn":[3.249151075],"iteration":861,"passed_time":1.685539857,"remaining_time":0.2698428077},
{"learn":[3.246257135],"iteration":862,"passed_time":1.687266532,"remaining_time":0.2678511181},
{"learn":[3.243826471],"iteration":863,"passed_time":1.689246015,"remaining_time":0.2658998358},
{"learn":[3.243190653],"iteration":864,"passed_time":1.690895043,"remaining_time":0.2638969143},
{"learn":[3.24008797],"iteration":865,"passed_time":1.692491175,"remaining_time":0.2618866252},
{"learn":[3.240036811],"iteration":866,"passed_time":1.694005416,"remaining_time":0.2598647293},
{"learn":[3.238676314],"iteration":867,"passed_time":1.695500311,"remaining_time":0.2578410611},
{"learn":[3.237848782],"iteration":868,"passed_time":1.697886335,"remaining_time":0.2559529457},
{"learn":[3.236405498],"iteration":869,"passed_time":1.699495053,"remaining_time":0.2539475367},
{"learn":[3.233378068],"iteration":870,"passed_time":1.701047547,"remaining_time":0.2519347113},
{"learn":[3.233169169],"iteration":871,"passed_time":1.702639156,"remaining_time":0.2499286834},
{"learn":[3.232434885],"iteration":872,"passed_time":1.704930903,"remaining_time":0.2480254578},
{"learn":[3.229978115],"iteration":873,"passed_time":1.706652293,"remaining_time":0.2460391177},
{"learn":[3.229648848],"iteration":874,"passed_time":1.708152482,"remaining_time":0.2440217832},
{"learn":[3.227208761],"iteration":875,"passed_time":1.709812262,"remaining_time":0.2420282197},
{"learn":[3.226258869],"iteration":876,"passed_time":1.712713526,"remaining_time":0.2402095367},
{"learn":[3.225331995],"iteration":877,"passed_time":1.714381804,"remaining_time":0.2382170616},
{"learn":[3.221968268],"iteration":878,"passed_time":1.71617988,"remaining_time":0.2362431917},
{"learn":[3.221166317],"iteration":879,"passed_time":1.718084579,"remaining_time":0.2342842607},
{"learn":[3.220047503],"iteration":880,"passed_time":1.719636647,"remaining_time":0.2322778217},
{"learn":[3.21982781],"iteration":881,"passed_time":1.721226796,"remaining_time":0.2302775078},
{"learn":[3.216693405],"iteration":882,"passed_time":1.722800331,"remaining_time":0.2282759216},
{"learn":[3.214798761],"iteration":883,"passed_time":1.724305391,"remaining_time":0.2262663182},
{"learn":[3.214395085],"iteration":884,"passed_time":1.726701504,"remaining_time":0.2243736418},
{"learn":[3.213470696],"iteration":885,"passed_time":1.728342412,"remaining_time":0.222382658},
{"learn":[3.211595017],"iteration":886,"passed_time":1.730094091,"remaining_time":0.2204065753},
{"learn":[3.210965255],"iteration":887,"passed_time":1.731597762,"remaining_time":0.2183997177},
{"learn":[3.209413583],"iteration":888,"passed_time":1.733546791,"remaining_time":0.2164495993},
{"learn":[3.208331683],"iteration":889,"passed_time":1.735231789,"remaining_time":0.2144668504},
{"learn":[3.207110711],"iteration":890,"passed_time":1.73673893,"remaining_time":0.2124630116},
{"learn":[3.204519413],"iteration":891,"passed_time":1.738475424,"remaining_time":0.2104880558},
{"learn":[3.201421296],"iteration":892,"passed_time":1.740265541,"remaining_time":0.2085200592},
{"learn":[3.200691259],"iteration":893,"passed_time":1.742666324,"remaining_time":0.2066248661},
{"learn":[3.200485067],"iteration":894,"passed_time":1.74405813,"remaining_time":0.2046101716},
{"learn":[3.197467568],"iteration":895,"passed_time":1.745573845,"remaining_time":0.2026112499},
{"learn":[3.195838544],"iteration":896,"passed_time":1.747357809,"remaining_time":0.2006442077},
{"learn":[3.195671746],"iteration":897,"passed_time":1.749084575,"remaining_time":0.1986710765},
{"learn":[3.194213094],"iteration":898,"passed_time":1.750697977,"remaining_time":0.1966857572},
{"learn":[3.192884691],"iteration":899,"passed_time":1.752552178,"remaining_time":0.1947280198},
{"learn":[3.188364239],"iteration":900,"passed_time":1.75433867,"remaining_time":0.1927630725},
{"learn":[3.185219478],"iteration":901,"passed_time":1.756713481,"remaining_time":0.1908624402},
{"learn":[3.184120387],"iteration":902,"passed_time":1.758386027,"remaining_time":0.1888853207},
{"learn":[3.183725321],"iteration":903,"passed_time":1.759967897,"remaining_time":0.1868992457},
{"learn":[3.181264554],"iteration":904,"passed_time":1.761583837,"remaining_time":0.1849176403},
{"learn":[3.180741589],"iteration":905,"passed_time":1.763154102,"remaining_time":0.1829321033},
{"learn":[3.179782639],"iteration":906,"passed_time":1.764943673,"remaining_time":0.1809699687},
{"learn":[3.176377564],"iteration":907,"passed_time":1.76695664,"remaining_time":0.179030849},
{"learn":[3.174078182],"iteration":908,"passed_time":1.768883755,"remaining_time":0.1770829722},
{"learn":[3.171242379],"iteration":909,"passed_time":1.77109993,"remaining_time":0.1751637293},
{"learn":[3.170421012],"iteration":910,"passed_time":1.772860395,"remaining_time":0.1731993141},
{"learn":[3.170087224],"iteration":911,"passed_time":1.77473984,"remaining_time":0.1712468266},
{"learn":[3.167303059],"iteration":912,"passed_time":1.776730892,"remaining_time":0.1693051343},
{"learn":[3.16705966],"iteration":913,"passed_time":1.778331257,"remaining_time":0.1673265734},
{"learn":[3.165667683],"iteration":914,"passed_time":1.779939865,"remaining_time":0.165349605},
{"learn":[3.164689733],"iteration":915,"passed_time":1.781677233,"remaining_time":0.1633852484},
{"learn":[3.163311455],"iteration":916,"passed_time":1.783353259,"remaining_time":0.1614158348},
{"learn":[3.159425016],"iteration":917,"passed_time":1.785518996,"remaining_time":0.1594908035},
{"learn":[3.159327058],"iteration":918,"passed_time":1.787172195,"remaining_time":0.1575200738},
{"learn":[3.15819426],"iteration":919,"passed_time":1.789005093,"remaining_time":0.1555656602},
{"learn":[3.157086603],"iteration":920,"passed_time":1.790628907,"remaining_time":0.1535935761},
{"learn":[3.153354154],"iteration":921,"passed_time":1.792285165,"remaining_time":0.1516249922},
{"learn":[3.153261317],"iteration":922,"passed_time":1.794156797,"remaining_time":0.1496750524},
{"learn":[3.153168454],"iteration":923,"passed_time":1.795789637,"remaining_time":0.1477056411},
{"learn":[3.152080399],"iteration":924,"passed_time":1.797423028,"remaining_time":0.1457370023},
{"learn":[3.151635144],"iteration":925,"passed_time":1.80018456,"remaining_time":0.1438592413},
{"learn":[3.147762655],"iteration":926,"passed_time":1.802778254,"remaining_time":0.1419663566},
{"learn":[3.147172317],"iteration":927,"passed_time":1.807449656,"remaining_time":0.140233163},
{"learn":[3.146254125],"iteration":928,"passed_time":1.809545758,"remaining_time":0.1382968233},
{"learn":[3.144869828],"iteration":929,"passed_time":1.812720621,"remaining_time":0.136441337},
{"learn":[3.143466218],"iteration":930,"passed_time":1.816859371,"remaining_time":0.1346544539},
{"learn":[3.141919643],"iteration":931,"passed_time":1.819365874,"remaining_time":0.1327434329},
{"learn":[3.141054135],"iteration":932,"passed_time":1.821562125,"remaining_time":0.1308088557},
{"learn":[3.139390417],"iteration":933,"passed_time":1.823462963,"remaining_time":0.1288528432},
{"learn":[3.139025283],"iteration":934,"passed_time":1.825187502,"remaining_time":0.1268846926},
{"learn":[3.137824183],"iteration":935,"passed_time":1.827375945,"remaining_time":0.1249487826},
{"learn":[3.135620453],"iteration":936,"passed_time":1.829086172,"remaining_time":0.1229801802},
{"learn":[3.13443178],"iteration":937,"passed_time":1.831082641,"remaining_time":0.1210310488},
{"learn":[3.132765713],"iteration":938,"passed_time":1.83282397,"remaining_time":0.1190652419},
{"learn":[3.131434124],"iteration":939,"passed_time":1.834587704,"remaining_time":0.1171013428},
{"learn":[3.128384262],"iteration":940,"passed_time":1.836330547,"remaining_time":0.1151365593},
{"learn":[3.128120455],"iteration":941,"passed_time":1.837913982,"remaining_time":0.113162432},
{"learn":[3.126314615],"iteration":942,"passed_time":1.839609556,"remaining_time":0.1111959117},
{"learn":[3.125409666],"iteration":943,"passed_time":1.841355669,"remaining_time":0.1092329634},
{"learn":[3.123072589],"iteration":944,"passed_time":1.843119775,"remaining_time":0.1072715213},
{"learn":[3.122921099],"iteration":945,"passed_time":1.844722105,"remaining_time":0.1053012618},
{"learn":[3.122182662],"iteration":946,"passed_time":1.847623871,"remaining_time":0.1034045038},
{"learn":[3.120040951],"iteration":947,"passed_time":1.849453098,"remaining_time":0.1014467944},
{"learn":[3.118767799],"iteration":948,"passed_time":1.85102754,"remaining_time":0.09947566338},
{"learn":[3.118203218],"iteration":949,"passed_time":1.852692891,"remaining_time":0.09751015217},
{"learn":[3.116343362],"iteration":950,"passed_time":1.854481058,"remaining_time":0.09555160024},
{"learn":[3.11480829],"iteration":951,"passed_time":1.856208766,"remaining_time":0.09359035797},
{"learn":[3.112607903],"iteration":952,"passed_time":1.858195812,"remaining_time":0.09164239577},
{"learn":[3.111661241],"iteration":953,"passed_time":1.861395463,"remaining_time":0.08975282107},
{"learn":[3.110249676],"iteration":954,"passed_time":1.862981981,"remaining_time":0.08778449126},
{"learn":[3.107333579],"iteration":955,"passed_time":1.864490872,"remaining_time":0.08581338742},
{"learn":[3.107149851],"iteration":956,"passed_time":1.866009571,"remaining_time":0.08384369023},
{"learn":[3.106867336],"iteration":957,"passed_time":1.867645058,"remaining_time":0.08188005474},
{"learn":[3.10364681],"iteration":958,"passed_time":1.869068292,"remaining_time":0.07990802918},
{"learn":[3.102703811],"iteration":959,"passed_time":1.870860907,"remaining_time":0.0779525378},
{"learn":[3.101469264],"iteration":960,"passed_time":1.872783503,"remaining_time":0.07600266037},
{"learn":[3.09863569],"iteration":961,"passed_time":1.87523664,"remaining_time":0.07407379659},
{"learn":[3.09645939],"iteration":962,"passed_time":1.876926763,"remaining_time":0.07211452775},
{"learn":[3.096240186],"iteration":963,"passed_time":1.878234828,"remaining_time":0.07014154959},
{"learn":[3.094838828],"iteration":964,"passed_time":1.879772584,"remaining_time":0.06817828023},
{"learn":[3.094176802],"iteration":965,"passed_time":1.881535841,"remaining_time":0.06622382878},
{"learn":[3.093182279],"iteration":966,"passed_time":1.88297789,"remaining_time":0.06425881115},
{"learn":[3.090150687],"iteration":967,"passed_time":1.884313857,"remaining_time":0.06229136719},
{"learn":[3.088612829],"iteration":968,"passed_time":1.885782775,"remaining_time":0.06032947992},
{"learn":[3.087153684],"iteration":969,"passed_time":1.88771136,"remaining_time":0.05838282557},
{"learn":[3.085866843],"iteration":970,"passed_time":1.889718169,"remaining_time":0.0564385447},
{"learn":[3.082669094],"iteration":971,"passed_time":1.89136502,"remaining_time":0.05448376601},
{"learn":[3.081047548],"iteration":972,"passed_time":1.892750517,"remaining_time":0.0525223679},
{"learn":[3.079684322],"iteration":973,"passed_time":1.894371919,"remaining_time":0.05056844959},
{"learn":[3.07613431],"iteration":974,"passed_time":1.896067193,"remaining_time":0.04861710751},
{"learn":[3.074005935],"iteration":975,"passed_time":1.897636636,"remaining_time":0.04666319597},
{"learn":[3.072988853],"iteration":976,"passed_time":1.899005851,"remaining_time":0.04470535781},
{"learn":[3.072344268],"iteration":977,"passed_time":1.900313896,"remaining_time":0.04274734736},
{"learn":[3.070654438],"iteration":978,"passed_time":1.90182561,"remaining_time":0.04079503351},
{"learn":[3.069724506],"iteration":979,"passed_time":1.903837213,"remaining_time":0.03885382068},
{"learn":[3.067763166],"iteration":980,"passed_time":1.905439844,"remaining_time":0.03690454336},
{"learn":[3.066737893],"iteration":981,"passed_time":1.907061256,"remaining_time":0.0349563163},
{"learn":[3.065248174],"iteration":982,"passed_time":1.908611608,"remaining_time":0.03300752526},
{"learn":[3.063186837],"iteration":983,"passed_time":1.910186989,"remaining_time":0.03105995104},
{"learn":[3.062880371],"iteration":984,"passed_time":1.911826759,"remaining_time":0.02911411308},
{"learn":[3.061288645],"iteration":985,"passed_time":1.913297673,"remaining_time":0.0271664984},
{"learn":[3.059970575],"iteration":986,"passed_time":1.914711459,"remaining_time":0.02521909723},
{"learn":[3.059576341],"iteration":987,"passed_time":1.916152354,"remaining_time":0.02327310552},
{"learn":[3.058175919],"iteration":988,"passed_time":1.917917643,"remaining_time":0.02133174325},
{"learn":[3.056830702],"iteration":989,"passed_time":1.919484364,"remaining_time":0.01938873095},
{"learn":[3.056336579],"iteration":990,"passed_time":1.920862681,"remaining_time":0.01744476703},
{"learn":[3.055810414],"iteration":991,"passed_time":1.922338424,"remaining_time":0.01550272923},
{"learn":[3.055476518],"iteration":992,"passed_time":1.924096195,"remaining_time":0.0135636187},
{"learn":[3.053331734],"iteration":993,"passed_time":1.925666843,"remaining_time":0.01162374352},
{"learn":[3.050890374],"iteration":994,"passed_time":1.926999681,"remaining_time":0.00968341548},
{"learn":[3.04972623],"iteration":995,"passed_time":1.928441028,"remaining_time":0.007744743082},
{"learn":[3.047217327],"iteration":996,"passed_time":1.929794586,"remaining_time":0.005806804172},
{"learn":[3.047155483],"iteration":997,"passed_time":1.931425811,"remaining_time":0.003870592809},
{"learn":[3.04430671],"iteration":998,"passed_time":1.933382565,"remaining_time":0.001935317882},
{"learn":[3.042664195],"iteration":999,"passed_time":1.935093955,"remaining_time":0}
]}